precision,recall,threshold
0.034,1.0,0.0010460010035797992
0.034013605442176874,1.0,0.0023286893596902508
0.034027221777421936,1.0,0.0025390063317774305
0.03404084901882259,1.0,0.0027380893749012107
0.034054487179487176,1.0,0.002752775509563142
0.03406813627254509,1.0,0.0028258058133500525
0.03408179631114675,1.0,0.0028858194208102265
0.034095467308463696,1.0,0.0030987071967809193
0.03410914927768861,1.0,0.0032017937691562566
0.03412284223203533,1.0,0.0032101882251123364
0.03413654618473896,1.0,0.0034722368696955296
0.034150261149055845,1.0,0.0036169527093340885
0.034163987138263664,1.0,0.0038980671863908314
0.03417772416566144,1.0,0.003916464739777736
0.03419147224456959,1.0,0.003970803689079571
0.03420523138832998,1.0,0.004212078803235715
0.03421900161030596,1.0,0.004416276013491646
0.0342327829238824,1.0,0.004484918560488729
0.03424657534246575,1.0,0.004531051962729826
0.03426037887948408,1.0,0.004562292368520881
0.034274193548387094,1.0,0.004578956864255141
0.03428801936264623,1.0,0.00459033891447774
0.03430185633575464,1.0,0.004591576584320679
0.03431570448122729,1.0,0.004628288725414386
0.034329563812600966,1.0,0.004727253090699535
0.03434343434343434,1.0,0.0048033459627561245
0.034357316087308,1.0,0.004843488341685171
0.0343712090578245,1.0,0.004918752231773054
0.034385113268608415,1.0,0.005114593702354316
0.03439902873330635,1.0,0.005163867657564668
0.03441295546558704,1.0,0.005269254875125539
0.03442689347914135,1.0,0.00536152655210311
0.034440842787682335,1.0,0.005580952841756954
0.03445480340494528,1.0,0.005647795659145837
0.03446877534468775,1.0,0.005744036524327775
0.034482758620689655,1.0,0.005794066253488429
0.03449675324675325,1.0,0.0059316611045884425
0.03451075923670321,1.0,0.006024991197928953
0.03452477660438668,1.0,0.006067238114363592
0.034538805363673306,1.0,0.006081372401557766
0.034552845528455285,1.0,0.006150817668811233
0.03456689711264742,1.0,0.00615711390788244
0.03458096013018715,1.0,0.00630982046592189
0.034595034595034595,1.0,0.006317284150130309
0.03460912052117264,1.0,0.0063680548392106755
0.034623217922606926,1.0,0.006369310838251852
0.03463732681336593,1.0,0.006379458946507541
0.03465144720750102,1.0,0.00642840313164475
0.03466557911908646,1.0,0.0064317531795564315
0.0346797225622195,1.0,0.006603036116334528
0.03469387755102041,1.0,0.006614800040528384
0.034708044099632504,1.0,0.006758644858912628
0.034722222222222224,1.0,0.006801406202029215
0.03473641193297916,1.0,0.006839336150499586
0.034750613246116106,1.0,0.006937313150322507
0.034764826175869123,1.0,0.006952467244651623
0.03477905073649754,1.0,0.0070378302116982285
0.03479328694228408,1.0,0.007096937428241892
0.03480753480753481,1.0,0.007134264861773037
0.03482179434657927,1.0,0.007244911754348654
0.03483606557377049,1.0,0.00737160080851608
0.034850348503485035,1.0,0.007377357740523277
0.034864643150123054,1.0,0.0074747343307612095
0.03487894952810833,1.0,0.007516193696604879
0.03489326765188834,1.0,0.007550001004463432
0.03490759753593429,1.0,0.007590515498722323
0.03492193919474117,1.0,0.007683632899513952
0.034936292642827785,1.0,0.007685066952261468
0.03495065789473684,1.0,0.007691851910900726
0.03496503496503497,1.0,0.007692158158630729
0.03497942386831276,1.0,0.007743701574902147
0.03499382461918485,1.0,0.007800887102811311
0.03500823723228995,1.0,0.007888654414441539
0.0350226617222909,1.0,0.007908821310589868
0.03503709810387469,1.0,0.008032487715144695
0.03505154639175258,1.0,0.00810400220500379
0.03506600660066007,1.0,0.008136504044301909
0.035080478745357,1.0,0.008179368565627263
0.03509496284062758,1.0,0.008227920382774432
0.03510945890128046,1.0,0.008404570799273342
0.03512396694214876,1.0,0.008431906429076626
0.03513848697809012,1.0,0.008433485416833518
0.035153019023986765,1.0,0.008448056724175052
0.03516756309474555,1.0,0.008451171737316696
0.03518211920529801,1.0,0.00864316060517166
0.035196687370600416,1.0,0.008707755084244801
0.035211267605633804,1.0,0.008749811688630732
0.035225859925404064,1.0,0.008769263008998933
0.035240464344941956,1.0,0.00878108830370763
0.035255080879303194,1.0,0.008944131119291644
0.035269709543568464,1.0,0.008965306768554485
0.0352843503528435,1.0,0.009151269342545659
0.03529900332225914,1.0,0.009282681265589633
0.035313668466971336,1.0,0.009326052832880335
0.035328345802161265,1.0,0.009326465126561713
0.035343035343035345,1.0,0.009365740019640138
0.035357737104825294,1.0,0.009454963086105179
0.03537245110278818,1.0,0.009475414217098918
0.03538717735220649,1.0,0.009514300777111176
0.03540191586838817,1.0,0.009516641764203118
0.035416666666666666,1.0,0.009519237767755661
0.035431429762401004,1.0,0.00955153119691616
0.03544620517097581,1.0,0.009596662653795664
0.03546099290780142,1.0,0.009681165530360733
0.03547579298831385,1.0,0.00969672672132113
0.03549060542797495,1.0,0.009701233028004607
0.035505430242272346,1.0,0.009762648595295088
0.0355202674467196,1.0,0.00977522712960864
0.035535117056856184,1.0,0.00998033760910383
0.03554997908824759,1.0,0.009987768393564985
0.03556485355648536,1.0,0.010099757422845223
0.03557974047718711,1.0,0.010133250935484428
0.03559463986599665,1.0,0.010135676230605116
0.035609551738583996,1.0,0.010149302642366959
0.03562447611064543,1.0,0.010191720512674588
0.03563941299790356,1.0,0.010195293818158192
0.03565436241610738,1.0,0.010201880344416351
0.03566932438103231,1.0,0.010208267010271367
0.035684298908480266,1.0,0.010244954029927944
0.03569928601427971,1.0,0.010246799540917536
0.03571428571428571,1.0,0.010305044706630769
0.03572929802437999,1.0,0.010417489322178583
0.03574432296047098,1.0,0.010507657436519125
0.0357593605384939,1.0,0.010603774898367871
0.03577441077441077,1.0,0.010659788084321534
0.035789473684210524,1.0,0.010685394020782089
0.03580454928390901,1.0,0.010689393557927121
0.03581963758954909,1.0,0.010795102106429689
0.03583473861720068,1.0,0.010808270175291509
0.035849852382960776,1.0,0.010942765136103054
0.035864978902953586,1.0,0.010956670419137594
0.03588011819333052,1.0,0.011074291197032701
0.03589527027027027,1.0,0.011130727882119024
0.035910435149978874,1.0,0.01113478105326295
0.035925612848689774,1.0,0.011218295569411613
0.035940803382663845,1.0,0.0112638898329487
0.03595600676818951,1.0,0.011265031385902706
0.03597122302158273,1.0,0.011281006868558836
0.03598645215918713,1.0,0.01133644696035134
0.03600169419737399,1.0,0.011365712882586795
0.036016949152542374,1.0,0.011431964749470365
0.03603221704111912,1.0,0.011531474616084907
0.03604749787955895,1.0,0.011546307133102368
0.03606279168434451,1.0,0.011744164973539004
0.03607809847198642,1.0,0.011817987648280338
0.036093418259023353,1.0,0.011838216011854658
0.03610875106202209,1.0,0.011886453773814159
0.03612409689757756,1.0,0.012042844512860126
0.036139455782312924,1.0,0.012174412997376172
0.036154827732879626,1.0,0.012286364220685806
0.036170212765957444,1.0,0.012311146895321182
0.036185610898254575,1.0,0.012333384391723521
0.036201022146507666,1.0,0.012346544612393021
0.03621644652748189,1.0,0.01235790232040018
0.036231884057971016,1.0,0.01238523425656736
0.03624733475479744,1.0,0.012397952963339634
0.036262798634812285,1.0,0.012444273711234707
0.03627827571489543,1.0,0.012505488414543204
0.036293766011955594,1.0,0.012784598520601397
0.03630926954293037,1.0,0.012884475320448523
0.03632478632478633,1.0,0.012888220227040786
0.036340316374519024,1.0,0.012916102399178784
0.03635585970915312,1.0,0.012930564320874844
0.036371416345742404,1.0,0.013048934064152308
0.03638698630136986,1.0,0.01309857515340441
0.03640256959314775,1.0,0.013216129427104286
0.03641816623821765,1.0,0.013232722607395282
0.036433776253750536,1.0,0.01326536765372084
0.036449399656946824,1.0,0.013343263703518739
0.03646503646503647,1.0,0.013357303930325503
0.03648068669527897,1.0,0.013460555073888106
0.0364963503649635,1.0,0.013545760103797757
0.03651202749140894,1.0,0.013555948281765777
0.0365277180919639,1.0,0.013579262214184398
0.03654342218400688,1.0,0.01360963127812946
0.03655913978494624,1.0,0.013751123353854335
0.03657487091222031,1.0,0.013756901405339325
0.03659061558329746,1.0,0.013830370488982785
0.03660637381567614,1.0,0.013899101438493414
0.03662214562688496,1.0,0.01392030210391085
0.036637931034482756,1.0,0.014173175650257198
0.036653730056058646,1.0,0.014174346136839386
0.036669542709232096,1.0,0.014194046010733662
0.036685369011653,1.0,0.014227397725971471
0.03670120898100173,1.0,0.014242016046149856
0.0367170626349892,1.0,0.014252551862694878
0.03673292999135696,1.0,0.014277633115390072
0.03674881106787722,1.0,0.01437548322920676
0.03676470588235294,1.0,0.014485491614579689
0.03678061445261791,1.0,0.014491648757808034
0.0367965367965368,1.0,0.01453460712866394
0.036812472932005194,1.0,0.01454876665616461
0.03682842287694974,1.0,0.014588256205244936
0.03684438664932813,1.0,0.014610222395770341
0.03686036426712923,1.0,0.014703681632758996
0.0368763557483731,1.0,0.01478337864307151
0.03689236111111111,1.0,0.01505534062833685
0.03690838037342597,1.0,0.015081161229809348
0.0369244135534318,1.0,0.015144493266123224
0.03694046066927423,1.0,0.015191107561060251
0.03695652173913044,1.0,0.015223649446918562
0.03697259678120922,1.0,0.015254602461985331
0.03698868581375109,1.0,0.015312941476321382
0.037004788855028295,1.0,0.015407595914895468
0.03702090592334495,1.0,0.015547645964922157
0.037037037037037035,1.0,0.015569348460447646
0.037053182214472534,1.0,0.015689981983050248
0.03706934147405146,1.0,0.01573861099884695
0.037085514834205933,1.0,0.015776922767272918
0.037101702313400264,1.0,0.015790507935670762
0.03711790393013101,1.0,0.015791406467387067
0.03713411970292704,1.0,0.01579818424686429
0.03715034965034965,1.0,0.01582197254115874
0.03716659379099257,1.0,0.01587128304644161
0.03718285214348206,1.0,0.01588665185336342
0.037199124726477024,1.0,0.015903276776989324
0.037215411558669004,1.0,0.015941355264182576
0.03723171265878231,1.0,0.015978601993227426
0.03724802804557406,1.0,0.016035586985671996
0.037264357737834285,1.0,0.016058867289737065
0.03728070175438596,1.0,0.01610238697198529
0.03729706011408512,1.0,0.016187687502806532
0.03731343283582089,1.0,0.016296749444069798
0.03732981993851559,1.0,0.0163994847030664
0.03734622144112478,1.0,0.016439364556094356
0.03736263736263736,1.0,0.016520185808477424
0.03737906772207564,1.0,0.016560976036601095
0.03739551253849538,1.0,0.016575857261032723
0.037411971830985914,1.0,0.016584464044647043
0.03742844561867019,1.0,0.016598770501543902
0.037444933920704845,1.0,0.016748682753387315
0.0374614367562803,1.0,0.01675082498365217
0.03747795414462081,1.0,0.0168513898139492
0.03749448610498456,1.0,0.016891311104060686
0.03751103265666372,1.0,0.016907502030279662
0.037527593818984545,1.0,0.017068255857820663
0.037544169611307424,1.0,0.017074002315544793
0.037560760053026956,1.0,0.01710211269169835
0.03757736516357206,1.0,0.017160750611288758
0.03759398496240601,1.0,0.017233369577068856
0.03761061946902655,1.0,0.017316038447113786
0.03762726870296591,1.0,0.017323878087612453
0.037643932683790966,1.0,0.017361170526365547
0.03766061143110323,1.0,0.017368620193597806
0.037677304964539006,1.0,0.01739723868568114
0.037694013303769404,1.0,0.017536474105294544
0.03771073646850044,1.0,0.017537019248226128
0.03772747447847315,1.0,0.01762762848199178
0.03774422735346359,1.0,0.017677689143435628
0.037760995113282986,1.0,0.01769477249140553
0.03777777777777778,1.0,0.017718576234234947
0.0377945753668297,1.0,0.017749650763386454
0.037811387900355875,1.0,0.017781396351732957
0.037828215398308856,1.0,0.017789467010353985
0.03784505788067676,1.0,0.017942867720679875
0.0378619153674833,1.0,0.017987482823799254
0.03787878787878788,1.0,0.017988927526961147
0.03789567543468569,1.0,0.018052019459618672
0.03791257805530776,1.0,0.018061094451377865
0.03792949576082106,1.0,0.01814850857503622
0.03794642857142857,1.0,0.018198607251561732
0.03796337650736936,1.0,0.018204016127660778
0.03798033958891868,1.0,0.018218686999602333
0.03799731783638802,1.0,0.018403119397692354
0.03801431127012522,1.0,0.018465223483459706
0.03803131991051454,1.0,0.01855495540135595
0.03804834377797672,1.0,0.01858357717686908
0.0380653828929691,1.0,0.01862011274441235
0.03808243727598566,1.0,0.0186240763228876
0.03809950694755715,1.0,0.018706488195753337
0.03811659192825112,1.0,0.018808956774710252
0.03813369223867205,1.0,0.018878414973145848
0.0381508078994614,1.0,0.0188988302616989
0.03816793893129771,1.0,0.019011514152698476
0.038185085354896675,1.0,0.019027189098237293
0.038202247191011236,1.0,0.01918649290012949
0.03821942446043165,1.0,0.019239205610109077
0.038236617183985605,1.0,0.01938148033555475
0.038253825382538256,1.0,0.01942905026401083
0.038271049076992344,1.0,0.019430247634340564
0.038288288288288286,1.0,0.019449652560449483
0.03830554303740424,1.0,0.019487109617374054
0.03832281334535618,1.0,0.019633786735415715
0.03834009923319801,1.0,0.019677411394036438
0.03835740072202166,1.0,0.01975928303794041
0.03837471783295711,1.0,0.019765216412762812
0.03839205058717254,1.0,0.019952108354891456
0.03840939900587438,1.0,0.019955142769677144
0.03842676311030741,1.0,0.020012174507583812
0.03844414292175486,1.0,0.020097302720478556
0.038461538461538464,1.0,0.020325870118939916
0.03847894975101856,1.0,0.020333133338042344
0.0384963768115942,1.0,0.020366559658831718
0.038513819664703214,1.0,0.02038418222913286
0.0385312783318223,1.0,0.020595830411943565
0.03854875283446712,1.0,0.020656730695184766
0.03856624319419238,1.0,0.020730386764641198
0.03858374943259192,1.0,0.02082522331239452
0.03860127157129882,1.0,0.020871887114222568
0.03861880963198546,1.0,0.020933365104565154
0.038636363636363635,1.0,0.020947927697599785
0.03865393360618463,1.0,0.021017515527040103
0.03867151956323931,1.0,0.021019838266533482
0.03868912152935822,1.0,0.021038209303242822
0.038706739526411654,1.0,0.02123975630417434
0.0387243735763098,1.0,0.02132492158510783
0.038742023701002735,1.0,0.021345492967271697
0.03875968992248062,1.0,0.02138010252653477
0.038777372262773724,1.0,0.021417880084425505
0.03879507074395253,1.0,0.021437836520945996
0.03881278538812785,1.0,0.021477763845957135
0.03883051621745089,1.0,0.021481385759067474
0.03884826325411334,1.0,0.021515349216228632
0.038866026520347506,1.0,0.021543178624784203
0.03888380603842635,1.0,0.02155632526156411
0.038901601830663615,1.0,0.021681455788705416
0.03891941391941392,1.0,0.021709732183871556
0.03893724232707284,1.0,0.021719187007711964
0.03895508707607699,1.0,0.021866392761872935
0.03897294818890417,1.0,0.021885437634491207
0.0389908256880734,1.0,0.02191786360537701
0.03900871959614502,1.0,0.02207558740781351
0.03902662993572085,1.0,0.022110696756260848
0.03904455672944419,1.0,0.022300559145962438
0.0390625,1.0,0.022385677564040744
0.03908045977011494,1.0,0.02239502574246057
0.0390984360625575,1.0,0.0224581505661534
0.039116428900138056,1.0,0.02251514016160841
0.03913443830570902,1.0,0.02254683760949143
0.0391524643021649,1.0,0.022794919720699684
0.03917050691244239,1.0,0.02302402753912358
0.039188566159520516,1.0,0.02307794981805997
0.03920664206642067,1.0,0.023132468401755042
0.03922473465620674,1.0,0.023227850962066282
0.039242843951985226,1.0,0.023237209260543273
0.03926096997690531,1.0,0.023357254274976272
0.03927911275415896,1.0,0.023557544808284193
0.039297272306981046,1.0,0.023586157967723623
0.0393154486586494,1.0,0.02359769975125457
0.03933364183248496,1.0,0.023653046637638477
0.03935185185185185,1.0,0.023869492623797735
0.03937007874015748,1.0,0.02389560412323422
0.03938832252085264,1.0,0.023939705225844835
0.039406583217431616,1.0,0.023971025825150424
0.03942486085343228,1.0,0.023993096426570933
0.03944315545243619,1.0,0.024000899441910722
0.03946146703806871,1.0,0.02409793816508129
0.039479795633999074,1.0,0.024150351126134326
0.03949814126394052,1.0,0.024152369731190667
0.03951650395165039,1.0,0.024155793377496834
0.03953488372093023,1.0,0.024308465664636576
0.03955328059562587,1.0,0.02441811310667345
0.03957169459962756,1.0,0.024438516855964657
0.03959012575687005,1.0,0.024439532477015597
0.03960857409133271,1.0,0.02466335445944254
0.039627039627039624,1.0,0.024816029267061623
0.039645522388059705,1.0,0.024893939096693067
0.03966402239850677,1.0,0.024900929524894658
0.03968253968253968,1.0,0.02506465584178338
0.039701074264362445,1.0,0.025067466337455276
0.0397196261682243,1.0,0.025143960725765874
0.039738195418419824,1.0,0.025294569673273117
0.039756782039289056,1.0,0.025430634759513723
0.0397753860552176,1.0,0.02546563913528851
0.039794007490636704,1.0,0.025521547771194846
0.03981264637002342,1.0,0.025631078453255126
0.039831302717900655,1.0,0.025734896840523536
0.03984997655883732,1.0,0.025882158642131694
0.039868667917448405,1.0,0.025903065975490726
0.03988737681839512,1.0,0.026062037949259015
0.03990610328638498,1.0,0.02619233017173137
0.03992484734617191,1.0,0.026229009083332356
0.03994360902255639,1.0,0.026275458348426553
0.03996238834038552,1.0,0.026333731427674808
0.03998118532455315,1.0,0.02638899854697085
0.04,1.0,0.02643756810434834
0.04001883239171375,1.0,0.026446792626436354
0.040037682524729154,1.0,0.02645695112911285
0.04005655042412818,1.0,0.026471140497686743
0.040075436115040074,1.0,0.02651935027729235
0.04009433962264151,1.0,0.026745423347787806
0.04011326097215668,1.0,0.026835401696656706
0.040132200188857416,1.0,0.02688981913745824
0.040151157298063296,1.0,0.026927869939331293
0.04017013232514178,1.0,0.02700910769252478
0.04018912529550828,1.0,0.02707046711884149
0.0402081362346263,1.0,0.027157327639258128
0.040227165168007575,1.0,0.027228322411422142
0.04024621212121212,1.0,0.027252706238518384
0.04026527711984841,1.0,0.027405610700886988
0.04028436018957346,1.0,0.027435077303581835
0.04030346135609293,1.0,0.02743691717259467
0.04032258064516129,1.0,0.027440881147095076
0.04034171808258187,1.0,0.027482397417579504
0.04036087369420703,1.0,0.02749352342268882
0.040380047505938245,1.0,0.027533315093723677
0.040399239543726234,1.0,0.027734924056540877
0.04041844983357109,1.0,0.02776069383372085
0.04043767840152236,1.0,0.027814455223929387
0.0404569252736792,1.0,0.02786808153706059
0.04047619047619048,1.0,0.02796059453043749
0.040495474035254886,1.0,0.028056501406061557
0.04051477597712107,1.0,0.02826316239166039
0.04053409632808774,1.0,0.028300641093581727
0.040553435114503815,1.0,0.028349755554096343
0.0405727923627685,1.0,0.028355670973302455
0.04059216809933142,1.0,0.02843654886958996
0.040611562350692784,1.0,0.028560078683744623
0.04063097514340344,1.0,0.028571625007263034
0.04065040650406504,1.0,0.028653968370192608
0.04066985645933014,1.0,0.02868232358716762
0.04068932503590235,1.0,0.028726753677620856
0.040708812260536395,1.0,0.028780435428133803
0.04072831816003833,1.0,0.02890377758826717
0.04074784276126558,1.0,0.029154668348106205
0.0407673860911271,1.0,0.02921725795886326
0.040786948176583494,1.0,0.029220453024694105
0.04080652904464714,1.0,0.029275555586031232
0.040826128722382324,1.0,0.02929759859966797
0.04084574723690534,1.0,0.029321349516089047
0.040865384615384616,1.0,0.029442035254223738
0.040885040885040885,1.0,0.029458503464680246
0.04090471607314726,1.0,0.02967780081080729
0.04092441020702937,1.0,0.029687943491384688
0.04094412331406551,1.0,0.02981282830263905
0.04096385542168675,1.0,0.029870845121729554
0.040983606557377046,1.0,0.029927924363916145
0.04100337674867342,1.0,0.03006575669944828
0.041023166023166024,1.0,0.030078530200621328
0.04104297440849831,1.0,0.0301686567072104
0.04106280193236715,1.0,0.03017401173268422
0.041082648622522956,1.0,0.030257185833836703
0.04110251450676983,1.0,0.030327735778146007
0.04112239961296565,1.0,0.03037941204546087
0.04114230396902226,1.0,0.03038622624064114
0.04116222760290557,1.0,0.03039308938142568
0.041182170542635656,1.0,0.030447633654866746
0.041202132816286964,1.0,0.030517390756003824
0.04122211445198836,1.0,0.03057728908656601
0.041242115477923336,1.0,0.030577668594419266
0.0412621359223301,1.0,0.030797734787771598
0.0412821758135017,1.0,0.030983904359693528
0.0413022351797862,1.0,0.03108021500149115
0.04132231404958678,1.0,0.031089853306717374
0.04134241245136187,1.0,0.03115489080338414
0.0413625304136253,1.0,0.031200418103706707
0.04138266796494645,1.0,0.03126017456347495
0.04140282513395031,1.0,0.031281362123878824
0.041423001949317736,1.0,0.031412925680725526
0.04144319843978547,1.0,0.031444423732237665
0.041463414634146344,1.0,0.03144615140461265
0.04148365056124939,1.0,0.031537337679321056
0.04150390625,1.0,0.03163467116557086
0.04152418172936004,1.0,0.031798110342303024
0.041544477028347994,1.0,0.03188832148052386
0.04156479217603912,1.0,0.03194799516439304
0.041585127201565555,1.0,0.03212209670468901
0.041605482134116495,1.0,0.032138798863805496
0.0416258570029383,1.0,0.03214136037952137
0.04164625183733464,1.0,0.03227073694096868
0.041666666666666664,1.0,0.0323233723619807
0.04168710152035311,1.0,0.0323435703035424
0.04170755642787046,1.0,0.032453653226348425
0.041728031418753066,1.0,0.03248786401385009
0.04174852652259332,1.0,0.03258223270082472
0.04176904176904177,1.0,0.03262226078066871
0.04178957718780728,1.0,0.032730707098135546
0.041810132808657155,1.0,0.032786567597749734
0.041830708661417325,1.0,0.03287315780716743
0.041851304775972424,1.0,0.033008343690171575
0.04187192118226601,1.0,0.033044918721421734
0.04189255791030064,1.0,0.03322653771376126
0.041913214990138066,1.0,0.03334409472344093
0.04193389245189936,1.0,0.03337833237554479
0.041954590325765054,1.0,0.03357108504819808
0.04197530864197531,1.0,0.033614720210047196
0.04199604743083004,1.0,0.033725581214106216
0.04201680672268908,1.0,0.0343924221705152
0.0420375865479723,1.0,0.03448036990921401
0.042058386937159825,1.0,0.034616594017645885
0.04207920792079208,1.0,0.03502656708755878
0.04210004952947004,1.0,0.035100228763169344
0.042120911793855305,1.0,0.03510405627246982
0.0421417947446703,1.0,0.03519687603780532
0.042162698412698416,1.0,0.03521277876807146
0.04218362282878412,1.0,0.0355568998136185
0.04220456802383317,1.0,0.03563145049973929
0.04222553402881272,1.0,0.03569892859702213
0.04224652087475149,1.0,0.03574296120840548
0.04226752859273993,1.0,0.03587286609987218
0.04228855721393035,1.0,0.03606038708334981
0.041811846689895474,0.9882352941176471,0.03610653457680423
0.04183266932270916,0.9882352941176471,0.036166998631046055
0.04185351270553064,0.9882352941176471,0.03640831204357423
0.04187437686939183,0.9882352941176471,0.03647335956817171
0.041895261845386535,0.9882352941176471,0.036487926395230776
0.041916167664670656,0.9882352941176471,0.03668542903551618
0.04193709435846231,0.9882352941176471,0.03668721416627664
0.04195804195804196,0.9882352941176471,0.03687277022181786
0.041979010494752625,0.9882352941176471,0.03688392873428044
0.042,0.9882352941176471,0.037209913905303205
0.04202101050525263,0.9882352941176471,0.037210863724504877
0.042042042042042045,0.9882352941176471,0.03729606267863888
0.04206309464196294,0.9882352941176471,0.037309270272381255
0.04208416833667335,0.9882352941176471,0.03738601940685156
0.042105263157894736,0.9882352941176471,0.03747817081441429
0.04212637913741224,0.9882352941176471,0.0375174801015713
0.042147516307074764,0.9882352941176471,0.03759120140826264
0.04216867469879518,0.9882352941176471,0.037745729109569914
0.04218985434455048,0.9882352941176471,0.037782148205090856
0.04221105527638191,0.9882352941176471,0.03798182883379508
0.042232277526395176,0.9882352941176471,0.03804576041259044
0.04225352112676056,0.9882352941176471,0.0380616688075596
0.042274786109713136,0.9882352941176471,0.038079268892581425
0.04229607250755287,0.9882352941176471,0.038315505325817886
0.04231738035264484,0.9882352941176471,0.03831637454171116
0.04233870967741935,0.9882352941176471,0.03831695895253402
0.04236006051437216,0.9882352941176471,0.03835851624958735
0.04238143289606458,0.9882352941176471,0.03841938926453199
0.04240282685512368,0.9882352941176471,0.038606244342197726
0.04242424242424243,0.9882352941176471,0.03861425019840241
0.04244567963617989,0.9882352941176471,0.03885760759243872
0.042467138523761376,0.9882352941176471,0.03896460070849586
0.042488619119878605,0.9882352941176471,0.0390069699347453
0.04251012145748988,0.9882352941176471,0.03912160260287577
0.042531645569620254,0.9882352941176471,0.03919508932851515
0.0425531914893617,0.9882352941176471,0.03922898060248777
0.04257475924987329,0.9882352941176471,0.039354966724250824
0.04259634888438134,0.9882352941176471,0.03940967303077718
0.0426179604261796,0.9882352941176471,0.03945692143014742
0.04263959390862944,0.9882352941176471,0.03952027063546904
0.04266124936515998,0.9882352941176471,0.039706606976638255
0.042682926829268296,0.9882352941176471,0.03991107173584627
0.042704626334519574,0.9882352941176471,0.03995920648064202
0.042726347914547304,0.9882352941176471,0.04003337186084272
0.042748091603053436,0.9882352941176471,0.040138787671925046
0.04276985743380855,0.9882352941176471,0.04015859819314886
0.04279164544065207,0.9882352941176471,0.0402243576841687
0.04281345565749235,0.9882352941176471,0.0402335826505216
0.04283528811830699,0.9882352941176471,0.0404859050317466
0.04285714285714286,0.9882352941176471,0.040516657236190926
0.042879019908116385,0.9882352941176471,0.04052628407194005
0.04290091930541369,0.9882352941176471,0.04054922517207379
0.04292284108329075,0.9882352941176471,0.040583409648634605
0.04294478527607362,0.9882352941176471,0.040638886277933196
0.04296675191815857,0.9882352941176471,0.040722348375838095
0.042988741044012284,0.9882352941176471,0.04097649081904569
0.043010752688172046,0.9882352941176471,0.041064847230060646
0.0430327868852459,0.9882352941176471,0.04110812365127526
0.043054843669912864,0.9882352941176471,0.04110873339480695
0.043076923076923075,0.9882352941176471,0.04116363473306954
0.043099025141098,0.9882352941176471,0.04151942685398028
0.043121149897330596,0.9882352941176471,0.04162723955617196
0.04314329738058552,0.9882352941176471,0.041769464252151944
0.04316546762589928,0.9882352941176471,0.041951001667848896
0.043187660668380465,0.9882352941176471,0.042079022261280304
0.043209876543209874,0.9882352941176471,0.04230429952167909
0.04323211528564076,0.9882352941176471,0.04243968569397188
0.04325437693099897,0.9882352941176471,0.04258103654828817
0.04327666151468315,0.9882352941176471,0.042614940286235845
0.04329896907216495,0.9882352941176471,0.042618747506189845
0.04332129963898917,0.9882352941176471,0.042619488115826124
0.043343653250773995,0.9882352941176471,0.042930121666141505
0.04336602994321115,0.9882352941176471,0.042954590997012106
0.04338842975206612,0.9882352941176471,0.04324107928518567
0.043410852713178294,0.9882352941176471,0.043298263027572476
0.04343329886246122,0.9882352941176471,0.04333240914453894
0.04345576823590274,0.9882352941176471,0.04336535081182021
0.043478260869565216,0.9882352941176471,0.04338119444356657
0.04350077679958571,0.9882352941176471,0.04360791377726275
0.043523316062176166,0.9882352941176471,0.04404122356607744
0.04354587869362364,0.9882352941176471,0.04406005701482332
0.043568464730290454,0.9882352941176471,0.044100808497055465
0.043591074208614425,0.9882352941176471,0.044108240920504575
0.04361370716510903,0.9882352941176471,0.04414527965991624
0.04363636363636364,0.9882352941176471,0.044303105131584024
0.04365904365904366,0.9882352941176471,0.044403340731610626
0.0436817472698908,0.9882352941176471,0.044477627702033645
0.043704474505723206,0.9882352941176471,0.04460438249373736
0.04372722540343571,0.9882352941176471,0.044658134579217475
0.04375,0.9882352941176471,0.04509601213342516
0.04377279833246483,0.9882352941176471,0.045159258582449575
0.043795620437956206,0.9882352941176471,0.045210243324429286
0.04381846635367762,0.9882352941176471,0.04527663681475591
0.04384133611691023,0.9882352941176471,0.04538084792133721
0.04386422976501306,0.9882352941176471,0.045429704457841745
0.0438871473354232,0.9882352941176471,0.045517095519275304
0.04391008886565604,0.9882352941176471,0.0456808443044592
0.043933054393305436,0.9882352941176471,0.0458454669724226
0.04395604395604396,0.9882352941176471,0.04606175132974589
0.04397905759162304,0.9882352941176471,0.046081136983829235
0.044002095337873234,0.9882352941176471,0.04638683918847397
0.0440251572327044,0.9882352941176471,0.04641337030675961
0.04404824331410592,0.9882352941176471,0.04641373828647883
0.04407135362014691,0.9882352941176471,0.04657966096561555
0.04409448818897638,0.9882352941176471,0.04659282432100529
0.04411764705882353,0.9882352941176471,0.04679386433438906
0.0441408302679979,0.9882352941176471,0.046854616222818564
0.04416403785488959,0.9882352941176471,0.04688933384299012
0.04418726985796949,0.9882352941176471,0.04708284533664791
0.04421052631578947,0.9882352941176471,0.047155399764233726
0.044233807266982623,0.9882352941176471,0.04720913226594792
0.044257112750263436,0.9882352941176471,0.047211313450003706
0.04428044280442804,0.9882352941176471,0.04725503732948356
0.04430379746835443,0.9882352941176471,0.047275905613443754
0.04432717678100264,0.9882352941176471,0.047297778397364716
0.044350580781414996,0.9882352941176471,0.04738545180190339
0.044374009508716325,0.9882352941176471,0.04741998209484233
0.04439746300211417,0.9882352941176471,0.04750476765497522
0.044420941300899,0.9882352941176471,0.04757788272306505
0.044444444444444446,0.9882352941176471,0.04760122729997193
0.04446797247220752,0.9882352941176471,0.047624931822651775
0.04449152542372881,0.9882352941176471,0.04768660498249448
0.04451510333863275,0.9882352941176471,0.04774383131756289
0.044538706256627786,0.9882352941176471,0.04813145712123141
0.04456233421750663,0.9882352941176471,0.04820081010551941
0.044585987261146494,0.9882352941176471,0.04824288031272953
0.04460966542750929,0.9882352941176471,0.048395460429706036
0.044633368756641874,0.9882352941176471,0.048445819587700376
0.044657097288676235,0.9882352941176471,0.0488379151565253
0.04468085106382979,0.9882352941176471,0.04894581362793414
0.04470463012240553,0.9882352941176471,0.049034202185941594
0.04472843450479233,0.9882352941176471,0.04912667159776522
0.044752264251465106,0.9882352941176471,0.049240360216390874
0.04477611940298507,0.9882352941176471,0.049257352214587324
0.0448,0.9882352941176471,0.049263715851988486
0.044823906083244394,0.9882352941176471,0.04926799705899471
0.044847837693539776,0.9882352941176471,0.04930150395695015
0.04487179487179487,0.9882352941176471,0.049313078916490685
0.04489577765900588,0.9882352941176471,0.04947289392795547
0.044919786096256686,0.9882352941176471,0.05034546310997752
0.0449438202247191,0.9882352941176471,0.05037882440314342
0.044967880085653104,0.9882352941176471,0.05046967649987673
0.04499196572040707,0.9882352941176471,0.05055851716429133
0.04501607717041801,0.9882352941176471,0.050583868061944884
0.04504021447721179,0.9882352941176471,0.0506426943321674
0.045064377682403435,0.9882352941176471,0.05071575203002954
0.04508856682769726,0.9882352941176471,0.050747027129041306
0.045112781954887216,0.9882352941176471,0.0508107064207389
0.045137023105857065,0.9882352941176471,0.05095565281371481
0.04516129032258064,0.9882352941176471,0.050997689839423446
0.04518558364712211,0.9882352941176471,0.05118409775457748
0.04520990312163617,0.9882352941176471,0.05122160797309313
0.045234248788368334,0.9882352941176471,0.05135671212803275
0.04525862068965517,0.9882352941176471,0.0516672688652944
0.045283018867924525,0.9882352941176471,0.051698298834886997
0.045307443365695796,0.9882352941176471,0.05194199277684288
0.04533189422558014,0.9882352941176471,0.05205398431061609
0.04535637149028078,0.9882352941176471,0.052132155177382046
0.04538087520259319,0.9882352941176471,0.05214481437066839
0.04540540540540541,0.9882352941176471,0.05215253446215035
0.04542996214169821,0.9882352941176471,0.05220370902682802
0.045454545454545456,0.9882352941176471,0.05237048118014497
0.04547915538711424,0.9882352941176471,0.05237685102401253
0.04550379198266522,0.9882352941176471,0.0524457706519131
0.04552845528455285,0.9882352941176471,0.05249316942970022
0.0455531453362256,0.9882352941176471,0.05251423039273723
0.04557786218122626,0.9882352941176471,0.052676607362614584
0.04560260586319218,0.9882352941176471,0.05270526843519208
0.045627376425855515,0.9882352941176471,0.052788699155481004
0.04565217391304348,0.9882352941176471,0.0528034317281947
0.04567699836867863,0.9882352941176471,0.05285551302293305
0.04570184983677911,0.9882352941176471,0.05289936253146485
0.0457267283614589,0.9882352941176471,0.05293392822709123
0.0457516339869281,0.9882352941176471,0.052962960838009686
0.04577656675749319,0.9882352941176471,0.0529970442204711
0.04580152671755725,0.9882352941176471,0.05300571598155808
0.04582651391162029,0.9882352941176471,0.05303755550237248
0.04585152838427948,0.9882352941176471,0.053130174460702055
0.045876570180229385,0.9882352941176471,0.05317070021033226
0.04590163934426229,0.9882352941176471,0.05341635604838377
0.045926735921268454,0.9882352941176471,0.0534960600097589
0.045951859956236324,0.9882352941176471,0.053501803462672935
0.04597701149425287,0.9882352941176471,0.053578505075075174
0.04600219058050383,0.9882352941176471,0.05371414740025743
0.046027397260273974,0.9882352941176471,0.053783001686158356
0.046052631578947366,0.9882352941176471,0.05382399741019989
0.04607789358200768,0.9882352941176471,0.053879384576731595
0.04610318331503842,0.9882352941176471,0.05392054549362285
0.04612850082372323,0.9882352941176471,0.05398318926723726
0.046153846153846156,0.9882352941176471,0.0539942756631609
0.04617921935129192,0.9882352941176471,0.0540929823479712
0.0462046204620462,0.9882352941176471,0.054404231874457344
0.04623004953219593,0.9882352941176471,0.05448072873930633
0.046255506607929514,0.9882352941176471,0.05450775314227103
0.04628099173553719,0.9882352941176471,0.054658485736154595
0.04575523704520397,0.9764705882352941,0.05471156482490315
0.045780474351902925,0.9764705882352941,0.054796395799277364
0.045805739514348784,0.9764705882352941,0.05483523808794845
0.04583103257868581,0.9764705882352941,0.05498249186759207
0.04585635359116022,0.9764705882352941,0.05511977495311909
0.04588170259812051,0.9764705882352941,0.055320130048906284
0.0459070796460177,0.9764705882352941,0.055398821182877964
0.045932484781405644,0.9764705882352941,0.0554609602122362
0.04595791805094131,0.9764705882352941,0.05566008933829952
0.04598337950138504,0.9764705882352941,0.05569781351881192
0.046008869179600884,0.9764705882352941,0.055712046928834746
0.04603438713255685,0.9764705882352941,0.0557875363539827
0.04605993340732519,0.9764705882352941,0.055915530403591984
0.04608550805108273,0.9764705882352941,0.05597967145157482
0.04611111111111111,0.9764705882352941,0.055980160641380464
0.04613674263479711,0.9764705882352941,0.05631026942204928
0.046162402669632924,0.9764705882352941,0.05651455105471039
0.04618809126321647,0.9764705882352941,0.05655037299235799
0.04621380846325167,0.9764705882352941,0.05663606668641636
0.046239554317548746,0.9764705882352941,0.056784938701957895
0.04626532887402453,0.9764705882352941,0.05716396880501009
0.046291132180702736,0.9764705882352941,0.057227549848463365
0.04631696428571429,0.9764705882352941,0.05732284232568786
0.0463428252372976,0.9764705882352941,0.05744369383378351
0.04636871508379888,0.9764705882352941,0.05765221850435628
0.046394633873672445,0.9764705882352941,0.057758656231019195
0.046420581655480984,0.9764705882352941,0.05801727040834131
0.046446558477895916,0.9764705882352941,0.05801908182887069
0.04647256438969765,0.9764705882352941,0.05816786460681754
0.04649859943977591,0.9764705882352941,0.05818877209862962
0.04652466367713005,0.9764705882352941,0.05831818030408589
0.04655075715086932,0.9764705882352941,0.058318567630208616
0.04657687991021325,0.9764705882352941,0.05833451043915062
0.04660303200449186,0.9764705882352941,0.058363240774900946
0.04662921348314607,0.9764705882352941,0.05851050639913242
0.04665542439572794,0.9764705882352941,0.05853054138855687
0.046681664791901015,0.9764705882352941,0.0586096328470766
0.04670793472144063,0.9764705882352941,0.05867774890065229
0.046734234234234236,0.9764705882352941,0.05894677925615164
0.04676056338028169,0.9764705882352941,0.059017690845887615
0.0467869222096956,0.9764705882352941,0.059048692440858926
0.046813310772701636,0.9764705882352941,0.05908518912699267
0.04683972911963882,0.9764705882352941,0.05914796055916921
0.04686617730095991,0.9764705882352941,0.059270331787622844
0.04689265536723164,0.9764705882352941,0.059285855029087745
0.046919163369135104,0.9764705882352941,0.059312541616396666
0.04694570135746606,0.9764705882352941,0.059640463761801696
0.04697226938313526,0.9764705882352941,0.059741135314159706
0.04699886749716874,0.9764705882352941,0.059855537739008556
0.04702549575070822,0.9764705882352941,0.06023374277162361
0.04705215419501134,0.9764705882352941,0.06034270796645324
0.047078842881452074,0.9764705882352941,0.06098960776947787
0.047105561861521,0.9764705882352941,0.06111322248815618
0.04713231118682567,0.9764705882352941,0.06114326887163654
0.04715909090909091,0.9764705882352941,0.06131966422203699
0.04718590108015918,0.9764705882352941,0.061479454270992794
0.047212741751990896,0.9764705882352941,0.06153163664474226
0.04723961297666477,0.9764705882352941,0.06154819861134582
0.04726651480637813,0.9764705882352941,0.06159739098349009
0.0472934472934473,0.9764705882352941,0.061899508619253814
0.04732041049030787,0.9764705882352941,0.06191369980734519
0.047347404449515115,0.9764705882352941,0.06199062537679376
0.04737442922374429,0.9764705882352941,0.062125501236311755
0.047401484865790974,0.9764705882352941,0.06224537627868735
0.04742857142857143,0.9764705882352941,0.06233032492387963
0.04745568896512293,0.9764705882352941,0.062359066068225895
0.04748283752860412,0.9764705882352941,0.06261545619364921
0.04751001717229536,0.9764705882352941,0.0626657395765197
0.04753722794959908,0.9764705882352941,0.06273711143404137
0.04756446991404011,0.9764705882352941,0.06280469366067538
0.047591743119266054,0.9764705882352941,0.06285024867324265
0.047619047619047616,0.9764705882352941,0.0629975055721185
0.04764638346727899,0.9764705882352941,0.06310012801466333
0.04767375071797817,0.9764705882352941,0.06313007974214338
0.04770114942528736,0.9764705882352941,0.06353682780948577
0.04772857964347326,0.9764705882352941,0.06373425295304812
0.047756041426927506,0.9764705882352941,0.06377787583107167
0.04778353483016695,0.9764705882352941,0.06378887950694367
0.0478110599078341,0.9764705882352941,0.06391334895164438
0.047838616714697406,0.9764705882352941,0.0639517154506927
0.04786620530565167,0.9764705882352941,0.0640160814072231
0.04789382573571841,0.9764705882352941,0.06421721506319208
0.04792147806004619,0.9764705882352941,0.06429336652849509
0.047949162333911034,0.9764705882352941,0.0643551658128789
0.04797687861271676,0.9764705882352941,0.06438243796604065
0.04800462695199537,0.9764705882352941,0.06453418332409128
0.048032407407407406,0.9764705882352941,0.06478672929826154
0.04806022003474233,0.9764705882352941,0.06481839723383859
0.04808806488991889,0.9764705882352941,0.06511032916179511
0.04811594202898551,0.9764705882352941,0.06521262707267969
0.04814385150812065,0.9764705882352941,0.06523765349241953
0.0481717933836332,0.9764705882352941,0.06528436552625047
0.04819976771196283,0.9764705882352941,0.06540973260089715
0.04822777454968042,0.9764705882352941,0.06552301100880698
0.04825581395348837,0.9764705882352941,0.06566903979706276
0.048283885980221056,0.9764705882352941,0.06593039778238638
0.04831199068684517,0.9764705882352941,0.06615970385519172
0.048340128130460104,0.9764705882352941,0.06632066872900666
0.04836829836829837,0.9764705882352941,0.0664351511511477
0.04839650145772595,0.9764705882352941,0.06663354504545269
0.048424737456242706,0.9764705882352941,0.06669727727682169
0.04845300642148278,0.9764705882352941,0.06676493318628449
0.04848130841121495,0.9764705882352941,0.06685735038378329
0.04850964348334307,0.9764705882352941,0.06702069497755665
0.048538011695906436,0.9764705882352941,0.06801775982481262
0.04856641310708017,0.9764705882352941,0.06856438751943131
0.04859484777517564,0.9764705882352941,0.06865525398184252
0.04862331575864089,0.9764705882352941,0.06879219426120284
0.04865181711606096,0.9764705882352941,0.06883910179504413
0.04868035190615836,0.9764705882352941,0.0689230239785117
0.04870892018779343,0.9764705882352941,0.06892951923226558
0.04873752201996477,0.9764705882352941,0.06896278566727825
0.04876615746180964,0.9764705882352941,0.06934383326505027
0.04879482657260435,0.9764705882352941,0.06945468818235041
0.0488235294117647,0.9764705882352941,0.06977935211254947
0.04885226603884638,0.9764705882352941,0.07003012846459185
0.04888103651354535,0.9764705882352941,0.07003714136299379
0.04890984089569829,0.9764705882352941,0.07043020947760519
0.04893867924528302,0.9764705882352941,0.07049603117289167
0.04896755162241888,0.9764705882352941,0.0711573310618215
0.048996458087367176,0.9764705882352941,0.07157118164970676
0.0490253987005316,0.9764705882352941,0.07165996754008412
0.04905437352245863,0.9764705882352941,0.07176976609744608
0.04908338261383797,0.9764705882352941,0.07192718390963093
0.049112426035502955,0.9764705882352941,0.07198732883137789
0.04914150384843102,0.9764705882352941,0.07222975560649848
0.04917061611374408,0.9764705882352941,0.07236124532745586
0.04919976289270895,0.9764705882352941,0.07237157413716827
0.04922894424673784,0.9764705882352941,0.07259578705248933
0.04925816023738872,0.9764705882352941,0.07279994082248693
0.04928741092636579,0.9764705882352941,0.07283687835209253
0.04931669637551991,0.9764705882352941,0.07288405882179398
0.04934601664684899,0.9764705882352941,0.07298338021054587
0.04937537180249851,0.9764705882352941,0.07334369972384852
0.0494047619047619,0.9764705882352941,0.07340966911862468
0.049434187016081,0.9764705882352941,0.07341174799734827
0.04946364719904649,0.9764705882352941,0.07351221900050087
0.04949314251639833,0.9764705882352941,0.07363302766771972
0.049522673031026254,0.9764705882352941,0.07380685552963209
0.04955223880597015,0.9764705882352941,0.07389954253309262
0.04958183990442055,0.9764705882352941,0.07435761353157715
0.049611476389719064,0.9764705882352941,0.07457832086047597
0.049641148325358854,0.9764705882352941,0.07470767932511228
0.04967085577498504,0.9764705882352941,0.07481229055773594
0.04970059880239521,0.9764705882352941,0.07493047178963372
0.04973037747153984,0.9764705882352941,0.07500682643421555
0.049760191846522785,0.9764705882352941,0.0750704943901367
0.04979004199160168,0.9764705882352941,0.0752334619125759
0.04981992797118848,0.9764705882352941,0.07531707401666711
0.04984984984984985,0.9764705882352941,0.0754414062399762
0.049879807692307696,0.9764705882352941,0.07631701713449487
0.04990980156343957,0.9764705882352941,0.07640064681265779
0.04993983152827918,0.9764705882352941,0.07642231248100226
0.049969897652016856,0.9764705882352941,0.07657204402097818
0.05,0.9764705882352941,0.07664469172238456
0.050030138637733576,0.9764705882352941,0.0766760482609755
0.05006031363088058,0.9764705882352941,0.07668490172624302
0.05009052504526252,0.9764705882352941,0.07690474926415826
0.050120772946859904,0.9764705882352941,0.07729643178924492
0.050151057401812686,0.9764705882352941,0.07730242764064696
0.0501813784764208,0.9764705882352941,0.07736642170573776
0.05021173623714459,0.9764705882352941,0.07751032654509203
0.050242130750605324,0.9764705882352941,0.07755036899278075
0.05027256208358571,0.9764705882352941,0.07761885886272947
0.0503030303030303,0.9764705882352941,0.07774576212399688
0.05033353547604609,0.9764705882352941,0.07776913173157832
0.05036407766990291,0.9764705882352941,0.07810095131037992
0.050394656952034,0.9764705882352941,0.0782846875410725
0.050425273390036454,0.9764705882352941,0.07831966928235648
0.050455927051671734,0.9764705882352941,0.07838892314032365
0.05048661800486618,0.9764705882352941,0.07842771678175847
0.0505173463177115,0.9764705882352941,0.07851077834678195
0.05054811205846529,0.9764705882352941,0.07863948926865531
0.050578915295551495,0.9764705882352941,0.07864410260278396
0.05060975609756098,0.9764705882352941,0.07872139705596143
0.05064063453325198,0.9764705882352941,0.07872740278593784
0.05067155067155067,0.9764705882352941,0.07887326002553804
0.05070250458155162,0.9764705882352941,0.078955411203773
0.050733496332518335,0.9764705882352941,0.07899265743079728
0.05076452599388379,0.9764705882352941,0.07900100891143004
0.05018359853121175,0.9647058823529412,0.07918169759014902
0.05021432945499082,0.9647058823529412,0.07920640380211774
0.05024509803921569,0.9647058823529412,0.07922529877238053
0.05027590435315757,0.9647058823529412,0.07926008075862559
0.05030674846625767,0.9647058823529412,0.0792756284918675
0.05033763044812769,0.9647058823529412,0.07943525472841745
0.049754299754299756,0.9529411764705882,0.07956696758855811
0.04978488014751076,0.9529411764705882,0.08060458936322588
0.04981549815498155,0.9529411764705882,0.08070468203584587
0.049846153846153846,0.9529411764705882,0.0808574561110439
0.049876847290640396,0.9529411764705882,0.08088911706608372
0.04990757855822551,0.9529411764705882,0.08110906189337837
0.0499383477188656,0.9529411764705882,0.08122353287768613
0.0499691548426897,0.9529411764705882,0.08152254782075982
0.05,0.9529411764705882,0.08217021780180672
0.05003088326127239,0.9529411764705882,0.08219127528007134
0.050061804697156986,0.9529411764705882,0.08221885198345578
0.05009276437847866,0.9529411764705882,0.0822682640144345
0.05012376237623763,0.9529411764705882,0.08258189215552891
0.05015479876160991,0.9529411764705882,0.08260512471209919
0.05018587360594796,0.9529411764705882,0.08279672741455908
0.050216986980781156,0.9529411764705882,0.08287769274835714
0.05024813895781638,0.9529411764705882,0.08289984911863625
0.05027932960893855,0.9529411764705882,0.08296575814933012
0.05031055900621118,0.9529411764705882,0.08303119977437028
0.05034182722187694,0.9529411764705882,0.08305561629163845
0.05037313432835821,0.9529411764705882,0.08308761780992882
0.05040448039825762,0.9529411764705882,0.0832445792250457
0.050435865504358655,0.9529411764705882,0.08381046499821418
0.05046728971962617,0.9529411764705882,0.0838666463465614
0.05049875311720698,0.9529411764705882,0.08471969992330125
0.050530255770430445,0.9529411764705882,0.08477386862300527
0.05056179775280899,0.9529411764705882,0.08488339343277877
0.05059337913803873,0.9529411764705882,0.08492423035041866
0.050625,0.9529411764705882,0.08508789069983105
0.05065666041275797,0.9529411764705882,0.08549965436654057
0.05068836045056321,0.9529411764705882,0.08555297518124666
0.050720100187852224,0.9529411764705882,0.08589782118980192
0.05075187969924812,0.9529411764705882,0.08616442465108316
0.05078369905956113,0.9529411764705882,0.08625675717467259
0.05081555834378921,0.9529411764705882,0.0862719308501742
0.05084745762711865,0.9529411764705882,0.08634575230197583
0.05087939698492462,0.9529411764705882,0.0863856278562788
0.05091137649277184,0.9529411764705882,0.08647541954371181
0.0509433962264151,0.9529411764705882,0.08658819399639094
0.050975456261799876,0.9529411764705882,0.08674066923791177
0.05100755667506297,0.9529411764705882,0.08718820932239205
0.05103969754253308,0.9529411764705882,0.08741087062606887
0.0510718789407314,0.9529411764705882,0.08749749745034358
0.05110410094637224,0.9529411764705882,0.08755289048402168
0.05113636363636364,0.9529411764705882,0.08755358873948757
0.051168667087807956,0.9529411764705882,0.08785606235661853
0.05120101137800253,0.9529411764705882,0.08805296833631857
0.051233396584440226,0.9529411764705882,0.08805893471096618
0.05126582278481013,0.9529411764705882,0.08818646922159452
0.0512982900569981,0.9529411764705882,0.08825743759187885
0.051330798479087454,0.9529411764705882,0.08878971572471972
0.05136334812935954,0.9529411764705882,0.08884372952810762
0.05139593908629442,0.9529411764705882,0.08887053939486318
0.05142857142857143,0.9529411764705882,0.08901438881931417
0.05146124523506988,0.9529411764705882,0.0892020222408221
0.05149396058486968,0.9529411764705882,0.08933185766567962
0.05152671755725191,0.9529411764705882,0.08947111801677685
0.051559516231699555,0.9529411764705882,0.08977566590849624
0.05159235668789809,0.9529411764705882,0.09016914105364947
0.05162523900573614,0.9529411764705882,0.09028616816502032
0.051658163265306124,0.9529411764705882,0.09062285219720033
0.05169112954690491,0.9529411764705882,0.09086150252114479
0.05172413793103448,0.9529411764705882,0.09104357623247071
0.05175718849840256,0.9529411764705882,0.09118666207134542
0.05179028132992328,0.9529411764705882,0.0913407508476084
0.05182341650671785,0.9529411764705882,0.09168237033394001
0.051856594110115235,0.9529411764705882,0.091985333914095
0.051889814221652786,0.9529411764705882,0.09218957694674008
0.051923076923076926,0.9529411764705882,0.09225848510069418
0.05195638229634381,0.9529411764705882,0.09227899312166019
0.051989730423620026,0.9529411764705882,0.09259586282528556
0.05202312138728324,0.9529411764705882,0.09270269916373536
0.05205655526992288,0.9529411764705882,0.0927188276544697
0.05209003215434083,0.9529411764705882,0.0929181653947799
0.052123552123552123,0.9529411764705882,0.09303786160918415
0.05215711526078558,0.9529411764705882,0.0930773928302662
0.05219072164948454,0.9529411764705882,0.09331907070959146
0.05222437137330754,0.9529411764705882,0.09346895534513952
0.052258064516129035,0.9529411764705882,0.0934916700704207
0.052291801162040026,0.9529411764705882,0.09354172505379252
0.05232558139534884,0.9529411764705882,0.09363047791247768
0.05235940530058177,0.9529411764705882,0.09368139468814361
0.052393272962483826,0.9529411764705882,0.0937165426894889
0.05242718446601942,0.9529411764705882,0.09374231482248258
0.052461139896373056,0.9529411764705882,0.09383763609298372
0.0524951393389501,0.9529411764705882,0.09383980618150378
0.05252918287937743,0.9529411764705882,0.0938858155893207
0.05256327060350422,0.9529411764705882,0.09430181634807938
0.052597402597402594,0.9529411764705882,0.09454353028872271
0.05263157894736842,0.9529411764705882,0.09462584128667278
0.05266579973992198,0.9529411764705882,0.09551467272932782
0.052700065061808715,0.9529411764705882,0.09558047535499956
0.052734375,0.9529411764705882,0.09560192633206496
0.05276872964169381,0.9529411764705882,0.09561401082088852
0.052803129074315516,0.9529411764705882,0.0957648957796701
0.05283757338551859,0.9529411764705882,0.09579456534172538
0.05287206266318538,0.9529411764705882,0.09587590262729755
0.052906596995427824,0.9529411764705882,0.09599809235918949
0.052941176470588235,0.9529411764705882,0.09604602810483502
0.052975801177240024,0.9529411764705882,0.09611200495246508
0.05301047120418848,0.9529411764705882,0.09645029418084901
0.05304518664047151,0.9529411764705882,0.09647330771147739
0.05307994757536042,0.9529411764705882,0.09727293213779097
0.05311475409836065,0.9529411764705882,0.09733498478100448
0.0531496062992126,0.9529411764705882,0.09765377160302631
0.05318450426789232,0.9529411764705882,0.09766966923461058
0.053219448094612355,0.9529411764705882,0.09769491424952437
0.05325443786982249,0.9529411764705882,0.0977853249741788
0.053289473684210525,0.9529411764705882,0.09782498734805693
0.05332455562870309,0.9529411764705882,0.09798461497722152
0.0533596837944664,0.9529411764705882,0.0982237327968342
0.053394858272907054,0.9529411764705882,0.09927000339050099
0.05343007915567282,0.9529411764705882,0.09945685806315246
0.053465346534653464,0.9529411764705882,0.09949106196342716
0.053500660501981503,0.9529411764705882,0.09959801747708022
0.053536021150033045,0.9529411764705882,0.0996185406692811
0.05291005291005291,0.9411764705882353,0.09962475473123951
0.05294506949040371,0.9411764705882353,0.09963720251785463
0.052980132450331126,0.9411764705882353,0.09976938728321041
0.053015241882041084,0.9411764705882353,0.09986411176994298
0.05305039787798409,0.9411764705882353,0.09990099511982319
0.05308560053085601,0.9411764705882353,0.1003246130688267
0.05312084993359894,0.9411764705882353,0.10056216111071142
0.053156146179401995,0.9411764705882353,0.10057113660169685
0.05319148936170213,0.9411764705882353,0.1009336944471818
0.05322687957418496,0.9411764705882353,0.1010958809064437
0.05326231691078562,0.9411764705882353,0.10113775870573455
0.05329780146568954,0.9411764705882353,0.10163722127837595
0.05333333333333334,0.9411764705882353,0.10165960659036041
0.0533689126084056,0.9411764705882353,0.10173754961793824
0.0534045393858478,0.9411764705882353,0.1019452435420226
0.053440213760855046,0.9411764705882353,0.10206533302282207
0.053475935828877004,0.9411764705882353,0.10232506500260165
0.05351170568561873,0.9411764705882353,0.10239253538293835
0.0535475234270415,0.9411764705882353,0.10274540242875255
0.0535833891493637,0.9411764705882353,0.1030043298735708
0.05361930294906166,0.9411764705882353,0.10322873479512164
0.05365526492287056,0.9411764705882353,0.10338128626154987
0.053691275167785234,0.9411764705882353,0.10340264511280274
0.053727333781061114,0.9411764705882353,0.10346540743696149
0.053763440860215055,0.9411764705882353,0.10385063945439907
0.05379959650302623,0.9411764705882353,0.10400161095068691
0.05383580080753701,0.9411764705882353,0.10443604759980545
0.05387205387205387,0.9411764705882353,0.10445037031698357
0.05390835579514825,0.9411764705882353,0.10464369120443215
0.05394470667565745,0.9411764705882353,0.10512473463067463
0.05398110661268556,0.9411764705882353,0.10558414265887198
0.05401755570560432,0.9411764705882353,0.10562121327692
0.05405405405405406,0.9411764705882353,0.10574420129434167
0.054090601757944556,0.9411764705882353,0.10576303599404199
0.05412719891745602,0.9411764705882353,0.10579806403015504
0.05416384563303995,0.9411764705882353,0.1061265267006145
0.05420054200542006,0.9411764705882353,0.10633201422634075
0.05423728813559322,0.9411764705882353,0.10690316626861938
0.054274084124830396,0.9411764705882353,0.10693511260259843
0.05431093007467753,0.9411764705882353,0.10695946292212923
0.05434782608695652,0.9411764705882353,0.10705123625589026
0.054384772263766146,0.9411764705882353,0.10705162776714804
0.05442176870748299,0.9411764705882353,0.1071801426169817
0.05445881552076242,0.9411764705882353,0.1072227035024887
0.05449591280653951,0.9411764705882353,0.10725915068064706
0.054533060668029994,0.9411764705882353,0.10734127055436755
0.054570259208731244,0.9411764705882353,0.10776805668746067
0.05460750853242321,0.9411764705882353,0.10798663930847863
0.0546448087431694,0.9411764705882353,0.10822649178037039
0.05468215994531784,0.9411764705882353,0.10828741993613315
0.05471956224350205,0.9411764705882353,0.10838959218271933
0.05475701574264202,0.9411764705882353,0.10858056986305929
0.0547945205479452,0.9411764705882353,0.10917630354216289
0.05483207676490747,0.9411764705882353,0.10935295506700286
0.05486968449931413,0.9411764705882353,0.10952316154530949
0.05490734385724091,0.9411764705882353,0.10986591592267955
0.054945054945054944,0.9411764705882353,0.11016690622281515
0.054982817869415807,0.9411764705882353,0.11029180370543076
0.055020632737276476,0.9411764705882353,0.11072688272479013
0.05505849965588438,0.9411764705882353,0.11119709092018257
0.05509641873278237,0.9411764705882353,0.11169952892515667
0.05513439007580979,0.9411764705882353,0.11233232845541273
0.05517241379310345,0.9411764705882353,0.11243539706281457
0.05521048999309869,0.9411764705882353,0.11271123223785069
0.055248618784530384,0.9411764705882353,0.11308274352865672
0.055286800276434005,0.9411764705882353,0.11340470745274728
0.05532503457814661,0.9411764705882353,0.11351690411462748
0.05536332179930796,0.9411764705882353,0.11374081359883051
0.055401662049861494,0.9411764705882353,0.11386124616491015
0.05544005544005544,0.9411764705882353,0.11392096895556646
0.05547850208044383,0.9411764705882353,0.11421288459644474
0.055517002081887576,0.9411764705882353,0.1145139547525251
0.05555555555555555,0.9411764705882353,0.11455043101418748
0.05559416261292564,0.9411764705882353,0.11467163309553992
0.055632823365785816,0.9411764705882353,0.11487777768596504
0.055671537926235214,0.9411764705882353,0.11505509735416383
0.055710306406685235,0.9411764705882353,0.11516926041610566
0.05574912891986063,0.9411764705882353,0.1153760388815212
0.05578800557880056,0.9411764705882353,0.11551206797727162
0.055826936496859735,0.9411764705882353,0.11560928153955444
0.055865921787709494,0.9411764705882353,0.11640373996802152
0.055904961565338925,0.9411764705882353,0.11652498214526646
0.055944055944055944,0.9411764705882353,0.11673098812028851
0.05598320503848846,0.9411764705882353,0.1167733466763141
0.056022408963585436,0.9411764705882353,0.11688757417578695
0.05606166783461808,0.9411764705882353,0.11711320061729183
0.056100981767180924,0.9411764705882353,0.11741517990869275
0.056140350877192984,0.9411764705882353,0.1178224066906477
0.056179775280898875,0.9411764705882353,0.11785284325352327
0.05621925509486999,0.9411764705882353,0.11808422330010256
0.05625879043600562,0.9411764705882353,0.11816593503493357
0.05629838142153413,0.9411764705882353,0.11827287308292768
0.056338028169014086,0.9411764705882353,0.11836498720999047
0.05637773079633545,0.9411764705882353,0.11847141430434001
0.056417489421720736,0.9411764705882353,0.11853494842778922
0.056457304163726185,0.9411764705882353,0.11938613442142418
0.05649717514124294,0.9411764705882353,0.11942574345507848
0.05653710247349823,0.9411764705882353,0.1195808610965426
0.056577086280056574,0.9411764705882353,0.12010605149370868
0.056617126680820945,0.9411764705882353,0.12058579049040774
0.056657223796033995,0.9411764705882353,0.12062017356115413
0.05669737774627923,0.9411764705882353,0.12071763711280607
0.05673758865248227,0.9411764705882353,0.12083483293036033
0.05677785663591199,0.9411764705882353,0.12085900669718948
0.056818181818181816,0.9411764705882353,0.12087872316378621
0.05685856432125089,0.9411764705882353,0.12128508425606244
0.05689900426742532,0.9411764705882353,0.12170456837506569
0.05693950177935943,0.9411764705882353,0.12202060808501984
0.05698005698005698,0.9411764705882353,0.12204471363626661
0.05702066999287242,0.9411764705882353,0.12223100530720758
0.05706134094151213,0.9411764705882353,0.12269901174541174
0.05710206995003569,0.9411764705882353,0.12320355238858881
0.05714285714285714,0.9411764705882353,0.12363312971184413
0.057183702644746245,0.9411764705882353,0.12381258324035717
0.05722460658082976,0.9411764705882353,0.12403518813993882
0.0572655690765927,0.9411764705882353,0.12406270437401588
0.05730659025787966,0.9411764705882353,0.12407454290062679
0.05734767025089606,0.9411764705882353,0.12417987192247393
0.05738880918220947,0.9411764705882353,0.12447769443596406
0.057430007178750894,0.9411764705882353,0.12479793448024208
0.05675287356321839,0.9294117647058824,0.12501085739422707
0.056793673616103525,0.9294117647058824,0.12586510361913822
0.05683453237410072,0.9294117647058824,0.1259131074559703
0.05687544996400288,0.9294117647058824,0.12642011376590956
0.0569164265129683,0.9294117647058824,0.1264379075089308
0.05695746214852199,0.9294117647058824,0.12661656754292347
0.056998556998557,0.9294117647058824,0.12674725106669207
0.05703971119133574,0.9294117647058824,0.12680289355484273
0.05708092485549133,0.9294117647058824,0.127245430984886
0.05712219812002892,0.9294117647058824,0.12726657872283115
0.057163531114327065,0.9294117647058824,0.12742809173451758
0.05720492396813903,0.9294117647058824,0.12779916493897123
0.0572463768115942,0.9294117647058824,0.12805358350174995
0.05728788977519942,0.9294117647058824,0.12808316597620542
0.057329462989840346,0.9294117647058824,0.1285153238118361
0.05737109658678286,0.9294117647058824,0.1286926492436728
0.057412790697674417,0.9294117647058824,0.12880502428131638
0.05745454545454545,0.9294117647058824,0.12919758137083814
0.05749636098981077,0.9294117647058824,0.12922903593145044
0.05753823743627094,0.9294117647058824,0.12957254980795904
0.0575801749271137,0.9294117647058824,0.12965333850922142
0.05762217359591539,0.9294117647058824,0.12991503328364767
0.05766423357664233,0.9294117647058824,0.13027049041925803
0.0577063550036523,0.9294117647058824,0.13033737656571756
0.0577485380116959,0.9294117647058824,0.13099120240980433
0.05779078273591807,0.9294117647058824,0.13103405279567143
0.057833089311859445,0.9294117647058824,0.131331635999107
0.05787545787545788,0.9294117647058824,0.13141870365378305
0.05791788856304985,0.9294117647058824,0.13147356837122964
0.05796038151137197,0.9294117647058824,0.13154898151278815
0.05800293685756241,0.9294117647058824,0.1323792610061578
0.05804555473916238,0.9294117647058824,0.13306636924458004
0.05808823529411765,0.9294117647058824,0.13307436129831549
0.058130978660779986,0.9294117647058824,0.13330805062166126
0.05817378497790869,0.9294117647058824,0.13365629238420224
0.05821665438467207,0.9294117647058824,0.13417689101141814
0.05752212389380531,0.9176470588235294,0.13531494535922617
0.057564575645756455,0.9176470588235294,0.13561679543579483
0.05760709010339734,0.9176470588235294,0.13589774603789095
0.057649667405764965,0.9176470588235294,0.13596602327488336
0.057692307692307696,0.9176470588235294,0.13656032320466416
0.05773501110288675,0.9176470588235294,0.13656107113461188
0.057777777777777775,0.9176470588235294,0.13656207394839964
0.05782060785767235,0.9176470588235294,0.13661327141970145
0.057863501483679525,0.9176470588235294,0.13663132976447306
0.05790645879732739,0.9176470588235294,0.13726605618927182
0.05794947994056464,0.9176470588235294,0.13727267208460367
0.05799256505576208,0.9176470588235294,0.13786940705128686
0.05803571428571429,0.9176470588235294,0.13796990653073174
0.058078927773641105,0.9176470588235294,0.13801751956050706
0.05812220566318927,0.9176470588235294,0.13811094048773045
0.058165548098434,0.9176470588235294,0.1383134713266018
0.058208955223880594,0.9176470588235294,0.13848484719100018
0.05825242718446602,0.9176470588235294,0.13912293935813416
0.05829596412556054,0.9176470588235294,0.13993900193336783
0.05833956619296934,0.9176470588235294,0.14016806720167552
0.058383233532934134,0.9176470588235294,0.1406627509509279
0.058426966292134834,0.9176470588235294,0.14085621411794033
0.05847076461769116,0.9176470588235294,0.14126464866104013
0.058514628657164294,0.9176470588235294,0.1412734059155816
0.05855855855855856,0.9176470588235294,0.141476717174562
0.058602554470323066,0.9176470588235294,0.14159447607303882
0.058646616541353384,0.9176470588235294,0.14170537449651616
0.05869074492099323,0.9176470588235294,0.14201482641044033
0.058734939759036146,0.9176470588235294,0.14215762743765084
0.0587792012057272,0.9176470588235294,0.1422849781797602
0.058823529411764705,0.9176470588235294,0.1429122803100055
0.05886792452830188,0.9176470588235294,0.14292763237259323
0.05891238670694864,0.9176470588235294,0.14376288724591413
0.05895691609977324,0.9176470588235294,0.14391517414591606
0.059001512859304085,0.9176470588235294,0.14422017144315005
0.059046177138531414,0.9176470588235294,0.14424587104870867
0.05909090909090909,0.9176470588235294,0.14432134941322128
0.05913570887035633,0.9176470588235294,0.14439952009020363
0.05918057663125948,0.9176470588235294,0.14443886509323084
0.05922551252847381,0.9176470588235294,0.14446176759318563
0.05927051671732523,0.9176470588235294,0.14447757176286666
0.05931558935361217,0.9176470588235294,0.1445104479737867
0.0593607305936073,0.9176470588235294,0.14458468784762699
0.0594059405940594,0.9176470588235294,0.14524451272236502
0.05945121951219512,0.9176470588235294,0.14533889654329632
0.059496567505720827,0.9176470588235294,0.14543584647501537
0.059541984732824425,0.9176470588235294,0.14551078667746242
0.059587471352177235,0.9176470588235294,0.14554904907013191
0.05963302752293578,0.9176470588235294,0.14616145298377767
0.05967865340474369,0.9176470588235294,0.1461619632684684
0.05972434915773354,0.9176470588235294,0.14624333734039538
0.059770114942528735,0.9176470588235294,0.1462526152645698
0.0598159509202454,0.9176470588235294,0.14634287604154073
0.059861857252494245,0.9176470588235294,0.14640380953974833
0.059907834101382486,0.9176470588235294,0.14713731482943798
0.05995388162951576,0.9176470588235294,0.1474146070244231
0.06,0.9176470588235294,0.1475973735548456
0.06004618937644342,0.9176470588235294,0.14783302627977482
0.060092449922958396,0.9176470588235294,0.14822355904839588
0.06013878180416345,0.9176470588235294,0.14843412678415327
0.06018518518518518,0.9176470588235294,0.14875190677016012
0.06023166023166023,0.9176470588235294,0.1487626764921087
0.06027820710973725,0.9176470588235294,0.14915480454302116
0.060324825986078884,0.9176470588235294,0.1491590671281358
0.06037151702786378,0.9176470588235294,0.14917042696259059
0.060418280402788536,0.9176470588235294,0.14924226473454918
0.06046511627906977,0.9176470588235294,0.14932506828744577
0.060512024825446084,0.9176470588235294,0.14942151920668897
0.06055900621118013,0.9176470588235294,0.14950728737189864
0.06060606060606061,0.9176470588235294,0.1499647342551761
0.060653188180404355,0.9176470588235294,0.15099772110099668
0.060700389105058365,0.9176470588235294,0.1511792503635334
0.06074766355140187,0.9176470588235294,0.15131662628487347
0.060795011691348405,0.9176470588235294,0.1521420461310448
0.060842433697347896,0.9176470588235294,0.15221841013652854
0.06088992974238876,0.9176470588235294,0.15237253691698394
0.0609375,0.9176470588235294,0.15253831925693073
0.06098514464425332,0.9176470588235294,0.152902837913704
0.06103286384976526,0.9176470588235294,0.1530458082825304
0.06108065779169929,0.9176470588235294,0.15316565311036207
0.061128526645768025,0.9176470588235294,0.15341443639321764
0.0611764705882353,0.9176470588235294,0.15375015263737501
0.061224489795918366,0.9176470588235294,0.1538900674146915
0.061272584446190104,0.9176470588235294,0.15430403704647952
0.06132075471698113,0.9176470588235294,0.15460898924029778
0.06136900078678206,0.9176470588235294,0.15485793896802663
0.06141732283464567,0.9176470588235294,0.15490814567884162
0.061465721040189124,0.9176470588235294,0.1549442938532078
0.061514195583596214,0.9176470588235294,0.15558884176724558
0.06156274664561957,0.9176470588235294,0.15569859364357283
0.061611374407582936,0.9176470588235294,0.15620560186515967
0.0616600790513834,0.9176470588235294,0.1562368809385907
0.061708860759493674,0.9176470588235294,0.15631692352424678
0.06175771971496437,0.9176470588235294,0.15662072777880873
0.061806656101426306,0.9176470588235294,0.1568235817761855
0.061855670103092786,0.9176470588235294,0.1568804063137044
0.06190476190476191,0.9176470588235294,0.15710753551624795
0.061953931691818905,0.9176470588235294,0.15752214078020657
0.06200317965023847,0.9176470588235294,0.15755501820898668
0.06205250596658711,0.9176470588235294,0.15876073372133023
0.06210191082802548,0.9176470588235294,0.15911468231246523
0.062151394422310755,0.9176470588235294,0.15912238116600527
0.06220095693779904,0.9176470588235294,0.15954001029591905
0.06225059856344772,0.9176470588235294,0.1596533658624081
0.06230031948881789,0.9176470588235294,0.1597741453648893
0.06235011990407674,0.9176470588235294,0.15999777148931693
0.0624,0.9176470588235294,0.16026131510883146
0.06244995996797438,0.9176470588235294,0.16029177193487465
0.0625,0.9176470588235294,0.1603579783316153
0.06255012028869286,0.9176470588235294,0.16100860728130262
0.06260032102728733,0.9176470588235294,0.1612025586074324
0.06265060240963856,0.9176470588235294,0.1613978136457882
0.06270096463022508,0.9176470588235294,0.16147171623438555
0.06275140788415125,0.9176470588235294,0.161645431516798
0.06280193236714976,0.9176470588235294,0.1619628835966793
0.06285253827558421,0.9176470588235294,0.16210155740799623
0.06290322580645161,0.9176470588235294,0.16214334932360414
0.06295399515738499,0.9176470588235294,0.16238421340185202
0.0630048465266559,0.9176470588235294,0.1625524181625439
0.06305578011317704,0.9176470588235294,0.16284849088445524
0.06310679611650485,0.9176470588235294,0.16314251917641742
0.06315789473684211,0.9176470588235294,0.16321478025410116
0.06320907617504051,0.9176470588235294,0.16333711552877977
0.06326034063260341,0.9176470588235294,0.16408810189727183
0.0633116883116883,0.9176470588235294,0.16423123827574765
0.06336311941510966,0.9176470588235294,0.1646442864655282
0.06341463414634146,0.9176470588235294,0.16464485915521007
0.06346623270951994,0.9176470588235294,0.16494455752088866
0.06351791530944625,0.9176470588235294,0.1650600540020485
0.06356968215158924,0.9176470588235294,0.16513156197135118
0.0636215334420881,0.9176470588235294,0.16579451114059732
0.0636734693877551,0.9176470588235294,0.16596622233888153
0.06372549019607843,0.9176470588235294,0.16620081697580877
0.06377759607522486,0.9176470588235294,0.16642462267726976
0.06382978723404255,0.9176470588235294,0.16649819624791823
0.06388206388206388,0.9176470588235294,0.16654890369500336
0.06393442622950819,0.9176470588235294,0.166725013954166
0.06398687448728466,0.9176470588235294,0.1668282273736742
0.06403940886699508,0.9176470588235294,0.16716996426159617
0.06409202958093672,0.9176470588235294,0.16723615956047816
0.06414473684210527,0.9176470588235294,0.16738168473393497
0.06419753086419754,0.9176470588235294,0.16776767379708296
0.0642504118616145,0.9176470588235294,0.16826747464458852
0.06430338004946413,0.9176470588235294,0.16850181787096427
0.06435643564356436,0.9176470588235294,0.16878381981926574
0.06440957886044592,0.9176470588235294,0.16883976336168016
0.06446280991735537,0.9176470588235294,0.1689789762186
0.06451612903225806,0.9176470588235294,0.16933495930591966
0.06456953642384106,0.9176470588235294,0.16934750422642184
0.06462303231151616,0.9176470588235294,0.16957302565839705
0.06467661691542288,0.9176470588235294,0.16980847467502272
0.06473029045643154,0.9176470588235294,0.1698501982155654
0.06478405315614617,0.9176470588235294,0.1701895196474223
0.06483790523690773,0.9176470588235294,0.17050796266385776
0.064891846921797,0.9176470588235294,0.17122185781514002
0.0649458784346378,0.9176470588235294,0.17144220650473835
0.065,0.9176470588235294,0.17147823923709224
0.06505421184320268,0.9176470588235294,0.17151748531213445
0.0651085141903172,0.9176470588235294,0.17174007625991122
0.06516290726817042,0.9176470588235294,0.17217852433755523
0.06521739130434782,0.9176470588235294,0.1724434057516226
0.06527196652719665,0.9176470588235294,0.1729305569300432
0.06532663316582915,0.9176470588235294,0.1731650741249281
0.06538139145012574,0.9176470588235294,0.1732221105130442
0.06543624161073826,0.9176470588235294,0.17333252130669796
0.0654911838790932,0.9176470588235294,0.1734169325378204
0.06554621848739496,0.9176470588235294,0.17393421624574643
0.0656013456686291,0.9176470588235294,0.1741661758883477
0.06565656565656566,0.9176470588235294,0.17439812292925824
0.06571187868576242,0.9176470588235294,0.1747951281594323
0.0657672849915683,0.9176470588235294,0.1748698646551225
0.06582278481012659,0.9176470588235294,0.17532756026114607
0.06587837837837837,0.9176470588235294,0.17558949432217336
0.06593406593406594,0.9176470588235294,0.17562287343112906
0.06598984771573604,0.9176470588235294,0.1758629807895755
0.06604572396274344,0.9176470588235294,0.1765787015555182
0.06610169491525424,0.9176470588235294,0.177009877258044
0.06615776081424936,0.9176470588235294,0.1772014244577765
0.06621392190152801,0.9176470588235294,0.17748647317218022
0.06627017841971113,0.9176470588235294,0.1777322562072912
0.0663265306122449,0.9176470588235294,0.17775792221412462
0.06638297872340425,0.9176470588235294,0.17807121173462664
0.06643952299829642,0.9176470588235294,0.17813985865433496
0.06649616368286446,0.9176470588235294,0.17852790259146475
0.06655290102389079,0.9176470588235294,0.17866072143030165
0.06660973526900085,0.9176470588235294,0.17892622896411625
0.06666666666666667,0.9176470588235294,0.17898319511880195
0.06672369546621043,0.9176470588235294,0.17906168671934744
0.06678082191780822,0.9176470588235294,0.17916773961002486
0.06683804627249357,0.9176470588235294,0.17925992212611833
0.06689536878216124,0.9176470588235294,0.1798279756575028
0.06695278969957082,0.9176470588235294,0.18012280057155494
0.06701030927835051,0.9176470588235294,0.18054245600402216
0.06706792777300086,0.9176470588235294,0.18077014163749075
0.06712564543889846,0.9176470588235294,0.18099230818853584
0.06718346253229975,0.9176470588235294,0.18122158568462754
0.06724137931034482,0.9176470588235294,0.18128717161220992
0.06729939603106126,0.9176470588235294,0.18147450314090494
0.06735751295336788,0.9176470588235294,0.18221383235042074
0.06741573033707865,0.9176470588235294,0.18234837657297506
0.06747404844290658,0.9176470588235294,0.18241053990575812
0.06753246753246753,0.9176470588235294,0.18248895005987517
0.06759098786828423,0.9176470588235294,0.18272213479561572
0.06764960971379011,0.9176470588235294,0.18309450449948222
0.06770833333333333,0.9176470588235294,0.18315266240003777
0.0677671589921807,0.9176470588235294,0.18354224588732246
0.06782608695652174,0.9176470588235294,0.18425505041386464
0.06788511749347259,0.9176470588235294,0.18429105763454953
0.06707317073170732,0.9058823529411765,0.18471138824380803
0.06713164777680906,0.9058823529411765,0.18556358139360576
0.06719022687609075,0.9058823529411765,0.18565321753913858
0.06724890829694323,0.9058823529411765,0.1856795786389833
0.0673076923076923,0.9058823529411765,0.18593209646609335
0.0673665791776028,0.9058823529411765,0.1863570533643874
0.06742556917688267,0.9058823529411765,0.18668074055140021
0.06748466257668712,0.9058823529411765,0.18703161724089362
0.06754385964912281,0.9058823529411765,0.1871612710672654
0.06760316066725197,0.9058823529411765,0.18728021189571822
0.06766256590509666,0.9058823529411765,0.18767084160944372
0.06772207563764292,0.9058823529411765,0.18771123791845476
0.06778169014084508,0.9058823529411765,0.1878413691740672
0.06784140969162995,0.9058823529411765,0.1882661416002474
0.06790123456790123,0.9058823529411765,0.18857997591969333
0.06796116504854369,0.9058823529411765,0.18870153728633624
0.06802120141342756,0.9058823529411765,0.18891515129753056
0.0680813439434129,0.9058823529411765,0.1892857579875215
0.06814159292035399,0.9058823529411765,0.18932755510946958
0.06820194862710363,0.9058823529411765,0.18937701966532505
0.06826241134751773,0.9058823529411765,0.18953635746674224
0.06832298136645963,0.9058823529411765,0.18973429714233142
0.06838365896980461,0.9058823529411765,0.19021378697025873
0.06844444444444445,0.9058823529411765,0.19054179861596682
0.06850533807829182,0.9058823529411765,0.19074803102737062
0.06856634016028496,0.9058823529411765,0.1907496054824968
0.06862745098039216,0.9058823529411765,0.19082297731298561
0.06868867082961641,0.9058823529411765,0.1913095513595628
0.06875,0.9058823529411765,0.19147716981549426
0.06881143878462913,0.9058823529411765,0.19158493782274083
0.06887298747763863,0.9058823529411765,0.19174368809209089
0.06893464637421665,0.9058823529411765,0.19195309948333605
0.06899641577060932,0.9058823529411765,0.19209037995723832
0.06905829596412556,0.9058823529411765,0.19235360964912168
0.06912028725314183,0.9058823529411765,0.19327161743783075
0.06918238993710692,0.9058823529411765,0.19373677994761884
0.06924460431654676,0.9058823529411765,0.19410231343652898
0.06930693069306931,0.9058823529411765,0.19413584741232254
0.06936936936936937,0.9058823529411765,0.1946720007213589
0.06943192064923355,0.9058823529411765,0.19506698459335006
0.06949458483754513,0.9058823529411765,0.1955554115351854
0.06955736224028906,0.9058823529411765,0.19592734110803264
0.06962025316455696,0.9058823529411765,0.1961427383923955
0.06968325791855204,0.9058823529411765,0.19623746002931966
0.06974637681159421,0.9058823529411765,0.1981391595382532
0.06980961015412511,0.9058823529411765,0.1981461074019396
0.06987295825771325,0.9058823529411765,0.1986972160953635
0.06993642143505904,0.9058823529411765,0.19878383016382223
0.07,0.9058823529411765,0.19922408442643424
0.07006369426751592,0.9058823529411765,0.20007126209050405
0.07012750455373407,0.9058823529411765,0.20009628794147033
0.07019143117593436,0.9058823529411765,0.20034245023266828
0.07025547445255474,0.9058823529411765,0.20064736913818632
0.07031963470319634,0.9058823529411765,0.20077905359482978
0.07038391224862889,0.9058823529411765,0.20109961165574022
0.07044830741079597,0.9058823529411765,0.20124114565397005
0.07051282051282051,0.9058823529411765,0.20129930107327826
0.07057745187901009,0.9058823529411765,0.20157759912404583
0.07064220183486239,0.9058823529411765,0.20164248075357763
0.0707070707070707,0.9058823529411765,0.20225885075746713
0.07077205882352941,0.9058823529411765,0.20234561006923615
0.07083716651333946,0.9058823529411765,0.20246437099671905
0.070902394106814,0.9058823529411765,0.20258704237698055
0.07096774193548387,0.9058823529411765,0.20319801108331242
0.07103321033210332,0.9058823529411765,0.20395425808263193
0.07109879963065559,0.9058823529411765,0.2051192553788422
0.0711645101663586,0.9058823529411765,0.2056359088879425
0.07123034227567067,0.9058823529411765,0.20638487653644388
0.0712962962962963,0.9058823529411765,0.2064983310748869
0.07136237256719184,0.9058823529411765,0.2065912526435206
0.07142857142857142,0.9058823529411765,0.2075866414585055
0.07149489322191271,0.9058823529411765,0.2077687326156702
0.07156133828996282,0.9058823529411765,0.20778612278879027
0.07162790697674419,0.9058823529411765,0.20782153731014097
0.07169459962756052,0.9058823529411765,0.20789072627177704
0.0717614165890028,0.9058823529411765,0.20908026701932328
0.07182835820895522,0.9058823529411765,0.20937059182982284
0.0718954248366013,0.9058823529411765,0.20979312565356417
0.07196261682242991,0.9058823529411765,0.21049593966327348
0.07202993451824134,0.9058823529411765,0.21065930852530954
0.07209737827715355,0.9058823529411765,0.21090939386745422
0.07216494845360824,0.9058823529411765,0.21120763728309405
0.07223264540337711,0.9058823529411765,0.2114219071433288
0.07230046948356808,0.9058823529411765,0.21177850406376797
0.07236842105263158,0.9058823529411765,0.2120131952452074
0.07243650047036689,0.9058823529411765,0.2120250532461822
0.07250470809792843,0.9058823529411765,0.21246738648044827
0.07257304429783223,0.9058823529411765,0.2125680481153427
0.07264150943396226,0.9058823529411765,0.21304827808485213
0.07271010387157696,0.9058823529411765,0.21343561762355961
0.07277882797731569,0.9058823529411765,0.21355898043367205
0.0728476821192053,0.9058823529411765,0.21358823643012131
0.07291666666666667,0.9058823529411765,0.21377151570623357
0.07298578199052133,0.9058823529411765,0.21400322242299916
0.0730550284629981,0.9058823529411765,0.21420773027654386
0.0731244064577398,0.9058823529411765,0.2142417658210712
0.07319391634980989,0.9058823529411765,0.21440185729313563
0.07326355851569934,0.9058823529411765,0.21470077626137513
0.07333333333333333,0.9058823529411765,0.21480906282883827
0.07340324118207817,0.9058823529411765,0.21481349335460612
0.07347328244274809,0.9058823529411765,0.21548676351461782
0.07354345749761222,0.9058823529411765,0.21572159081509099
0.07361376673040153,0.9058823529411765,0.21579549241267695
0.07368421052631578,0.9058823529411765,0.21630572313669572
0.07375478927203065,0.9058823529411765,0.2173372248140689
0.0738255033557047,0.9058823529411765,0.21734458768403497
0.07389635316698656,0.9058823529411765,0.21741774524673427
0.07396733909702209,0.9058823529411765,0.21761701965374947
0.07403846153846154,0.9058823529411765,0.21815148464521855
0.0741097208854668,0.9058823529411765,0.2182111439527445
0.07418111753371869,0.9058823529411765,0.21877493813317653
0.0742526518804243,0.9058823529411765,0.21880502384524078
0.07432432432432433,0.9058823529411765,0.21881225299674698
0.07439613526570048,0.9058823529411765,0.21897955645028253
0.07446808510638298,0.9058823529411765,0.2194827406671619
0.07454017424975799,0.9058823529411765,0.21953662284074812
0.07461240310077519,0.9058823529411765,0.21967784102019997
0.07468477206595538,0.9058823529411765,0.22035255946607873
0.07475728155339806,0.9058823529411765,0.22036190849863133
0.07482993197278912,0.9058823529411765,0.22058809357743692
0.07490272373540856,0.9058823529411765,0.2212674258188606
0.07497565725413827,0.9058823529411765,0.22142128852527262
0.07504873294346978,0.9058823529411765,0.22149202112450783
0.07512195121951219,0.9058823529411765,0.22195275460736807
0.0751953125,0.9058823529411765,0.22199855213720246
0.07526881720430108,0.9058823529411765,0.22251762276522247
0.07534246575342465,0.9058823529411765,0.2226137062759333
0.07541625857002938,0.9058823529411765,0.22280285313988976
0.07549019607843137,0.9058823529411765,0.22282715344252527
0.07556427870461237,0.9058823529411765,0.22318449193888698
0.0756385068762279,0.9058823529411765,0.22418636173775222
0.07571288102261553,0.9058823529411765,0.22425616040386884
0.07578740157480315,0.9058823529411765,0.22453245864672594
0.07586206896551724,0.9058823529411765,0.22477171249650868
0.07593688362919132,0.9058823529411765,0.22541972348817485
0.07601184600197433,0.9058823529411765,0.225962437886871
0.07608695652173914,0.9058823529411765,0.2262145997140827
0.076162215628091,0.9058823529411765,0.22639894287337442
0.07623762376237624,0.9058823529411765,0.22698151370297862
0.07631318136769079,0.9058823529411765,0.22735791984693107
0.0763888888888889,0.9058823529411765,0.2276699834283333
0.07646474677259185,0.9058823529411765,0.22783412094607752
0.07654075546719682,0.9058823529411765,0.22929029800996706
0.07661691542288557,0.9058823529411765,0.22939584892434936
0.07669322709163347,0.9058823529411765,0.22957504168891113
0.07676969092721835,0.9058823529411765,0.2301068597767678
0.07684630738522955,0.9058823529411765,0.23035149388630902
0.07692307692307693,0.9058823529411765,0.23069819292172494
0.077,0.9058823529411765,0.23115410301038633
0.07707707707707707,0.9058823529411765,0.23188304722988673
0.07715430861723446,0.9058823529411765,0.2322158087136785
0.07723169508525576,0.9058823529411765,0.23372103546358694
0.07730923694779117,0.9058823529411765,0.23382095327866884
0.07738693467336684,0.9058823529411765,0.23404785653385296
0.07746478873239436,0.9058823529411765,0.23408201179609134
0.07754279959718026,0.9058823529411765,0.23450489137573363
0.07762096774193548,0.9058823529411765,0.2349497309852814
0.07769929364278506,0.9058823529411765,0.23617719122104253
0.07676767676767676,0.8941176470588236,0.23657879001001586
0.07684529828109202,0.8941176470588236,0.23663146509717664
0.07692307692307693,0.8941176470588236,0.23711708677769247
0.07700101317122594,0.8941176470588236,0.2373338620748382
0.07707910750507099,0.8941176470588236,0.23742866351630038
0.07715736040609138,0.8941176470588236,0.23783862907354636
0.07723577235772358,0.8941176470588236,0.23859560206700448
0.07731434384537131,0.8941176470588236,0.23882436705792556
0.07739307535641547,0.8941176470588236,0.23913741332638536
0.07747196738022426,0.8941176470588236,0.23923327225695487
0.07755102040816327,0.8941176470588236,0.2392809443392496
0.07763023493360573,0.8941176470588236,0.2400967709554079
0.07770961145194274,0.8941176470588236,0.2407715713820663
0.07778915046059365,0.8941176470588236,0.2412079976586285
0.0778688524590164,0.8941176470588236,0.24121706647485205
0.07794871794871795,0.8941176470588236,0.24195009907504153
0.07802874743326489,0.8941176470588236,0.24204180174973172
0.07810894141829394,0.8941176470588236,0.2422782201536145
0.07818930041152264,0.8941176470588236,0.24265438688825322
0.07826982492276004,0.8941176470588236,0.24271439530012126
0.07835051546391752,0.8941176470588236,0.24383394526713742
0.0784313725490196,0.8941176470588236,0.24407189335513882
0.07851239669421488,0.8941176470588236,0.24410795984873018
0.07859358841778696,0.8941176470588236,0.24510035184118895
0.07867494824016563,0.8941176470588236,0.24538502923625108
0.07875647668393783,0.8941176470588236,0.24543651333956715
0.07883817427385892,0.8941176470588236,0.24621017929619174
0.07892004153686397,0.8941176470588236,0.24683610355563826
0.079002079002079,0.8941176470588236,0.24697761202904198
0.07908428720083246,0.8941176470588236,0.24709910505578592
0.07916666666666666,0.8941176470588236,0.2473270176808296
0.07924921793534932,0.8941176470588236,0.24767666835331642
0.07933194154488518,0.8941176470588236,0.24786543829129928
0.0794148380355277,0.8941176470588236,0.2480810014625457
0.0794979079497908,0.8941176470588236,0.24867673927371828
0.07958115183246073,0.8941176470588236,0.24902467455598998
0.07966457023060797,0.8941176470588236,0.24932628666776432
0.07974816369359916,0.8941176470588236,0.24945813472287673
0.07983193277310924,0.8941176470588236,0.24984922517470942
0.07991587802313355,0.8941176470588236,0.2502515952494725
0.08,0.8941176470588236,0.2508415132975993
0.08008429926238145,0.8941176470588236,0.25105179620292134
0.08016877637130802,0.8941176470588236,0.25120093818484085
0.08025343189017951,0.8941176470588236,0.2512316445132427
0.080338266384778,0.8941176470588236,0.25236657182340355
0.08042328042328042,0.8941176470588236,0.2523837479336242
0.08050847457627118,0.8941176470588236,0.253854800363125
0.08059384941675504,0.8941176470588236,0.25435018109580343
0.08067940552016985,0.8941176470588236,0.2544463661918205
0.08076514346439957,0.8941176470588236,0.25464375800117955
0.08085106382978724,0.8941176470588236,0.25505909862449966
0.08093716719914804,0.8941176470588236,0.2552503125482937
0.08102345415778252,0.8941176470588236,0.2563430852678758
0.08110992529348986,0.8941176470588236,0.25634707166554005
0.0811965811965812,0.8941176470588236,0.25646218566834045
0.08128342245989305,0.8941176470588236,0.25738989243397437
0.08137044967880086,0.8941176470588236,0.25804022994991205
0.08145766345123258,0.8941176470588236,0.25832165756443554
0.0815450643776824,0.8941176470588236,0.2586737886796656
0.08163265306122448,0.8941176470588236,0.25872638357131694
0.08172043010752689,0.8941176470588236,0.25927891855719926
0.08180839612486544,0.8941176470588236,0.25948605789217644
0.08189655172413793,0.8941176470588236,0.25951557030430716
0.08198489751887811,0.8941176470588236,0.2603356901337863
0.08207343412526998,0.8941176470588236,0.26042345717406573
0.08216216216216216,0.8941176470588236,0.260575928697903
0.08225108225108226,0.8941176470588236,0.2610675138815644
0.08234019501625135,0.8941176470588236,0.26139530605465894
0.0824295010845987,0.8941176470588236,0.26146983558523634
0.08251900108577633,0.8941176470588236,0.2622608729779513
0.08260869565217391,0.8941176470588236,0.26232152186849533
0.08269858541893363,0.8941176470588236,0.26256445512761906
0.08278867102396514,0.8941176470588236,0.263146395534191
0.08287895310796074,0.8941176470588236,0.2640416020138872
0.08296943231441048,0.8941176470588236,0.265292250814432
0.08306010928961749,0.8941176470588236,0.2654551244915745
0.08315098468271334,0.8941176470588236,0.2655200440235004
0.0832420591456736,0.8941176470588236,0.26570619000492013
0.08333333333333333,0.8941176470588236,0.26582930480071804
0.08342480790340286,0.8941176470588236,0.26592668711839
0.08351648351648351,0.8941176470588236,0.26609334261515816
0.08360836083608361,0.8941176470588236,0.26647914961760627
0.08370044052863436,0.8941176470588236,0.2671335693738441
0.08379272326350606,0.8941176470588236,0.2672407549147945
0.08388520971302428,0.8941176470588236,0.26759120131039926
0.08397790055248619,0.8941176470588236,0.2676590742597199
0.084070796460177,0.8941176470588236,0.26766742619930844
0.08416389811738649,0.8941176470588236,0.26855804465206884
0.08425720620842572,0.8941176470588236,0.2686053104328414
0.08435072142064373,0.8941176470588236,0.2686843444476085
0.08444444444444445,0.8941176470588236,0.2693286143364199
0.08453837597330367,0.8941176470588236,0.2696000427997009
0.08463251670378619,0.8941176470588236,0.27006592058513784
0.08472686733556299,0.8941176470588236,0.270544165964128
0.08482142857142858,0.8941176470588236,0.2706293265413184
0.08491620111731843,0.8941176470588236,0.2706477626914841
0.08501118568232663,0.8941176470588236,0.2717756133397779
0.0851063829787234,0.8941176470588236,0.272695294093674
0.08520179372197309,0.8941176470588236,0.27358380479395683
0.08529741863075196,0.8941176470588236,0.2742708651107242
0.0853932584269663,0.8941176470588236,0.27452553787143
0.08548931383577053,0.8941176470588236,0.274549583443852
0.08558558558558559,0.8941176470588236,0.27572052018898363
0.08568207440811725,0.8941176470588236,0.2759482518916454
0.08577878103837472,0.8941176470588236,0.2766710512593249
0.08587570621468926,0.8941176470588236,0.2768804979125929
0.08597285067873303,0.8941176470588236,0.277039130197231
0.08607021517553794,0.8941176470588236,0.2771511700917946
0.08616780045351474,0.8941176470588236,0.2782153056160972
0.08626560726447219,0.8941176470588236,0.2783761315075794
0.08636363636363636,0.8941176470588236,0.27915330113910397
0.08646188850967008,0.8941176470588236,0.2796248070768635
0.08656036446469248,0.8941176470588236,0.2797264242902706
0.08665906499429875,0.8941176470588236,0.279958214373537
0.0867579908675799,0.8941176470588236,0.28064323399745056
0.08685714285714285,0.8941176470588236,0.2807510610485043
0.08695652173913043,0.8941176470588236,0.2815172520484163
0.08705612829324169,0.8941176470588236,0.28249836839877307
0.0871559633027523,0.8941176470588236,0.2830673511691895
0.08725602755453502,0.8941176470588236,0.28319615117847835
0.08735632183908046,0.8941176470588236,0.2832915666553018
0.08745684695051784,0.8941176470588236,0.28344999822923783
0.08755760368663594,0.8941176470588236,0.28370733112233193
0.08765859284890427,0.8941176470588236,0.28449529516465655
0.08775981524249422,0.8941176470588236,0.2856459647290068
0.08786127167630058,0.8941176470588236,0.28613608242737376
0.08796296296296297,0.8941176470588236,0.2865792900048177
0.0880648899188876,0.8941176470588236,0.2870967825686959
0.08816705336426914,0.8941176470588236,0.28724633513190617
0.08826945412311266,0.8941176470588236,0.2875469812708736
0.08837209302325581,0.8941176470588236,0.2876792440436013
0.08847497089639116,0.8941176470588236,0.2881697543888807
0.08857808857808858,0.8941176470588236,0.28876052292873083
0.08868144690781797,0.8941176470588236,0.2889236113556303
0.08878504672897196,0.8941176470588236,0.289591071851329
0.08888888888888889,0.8941176470588236,0.2908733808721318
0.08899297423887588,0.8941176470588236,0.2916293490348361
0.08909730363423213,0.8941176470588236,0.29311214740818714
0.0892018779342723,0.8941176470588236,0.2935457004198647
0.08930669800235018,0.8941176470588236,0.29396826432141165
0.08941176470588236,0.8941176470588236,0.294005733174441
0.0895170789163722,0.8941176470588236,0.2943051670989103
0.08962264150943396,0.8941176470588236,0.2952509170276111
0.089728453364817,0.8941176470588236,0.2953725023093225
0.08983451536643026,0.8941176470588236,0.2954501844612474
0.08994082840236686,0.8941176470588236,0.2955396628125775
0.09004739336492891,0.8941176470588236,0.2960015567385616
0.09015421115065243,0.8941176470588236,0.29679591286440243
0.09026128266033254,0.8941176470588236,0.29712100058662466
0.09036860879904875,0.8941176470588236,0.29754117641102584
0.08928571428571429,0.8823529411764706,0.2975553576736299
0.08939213349225268,0.8823529411764706,0.2992648871936237
0.08949880668257756,0.8823529411764706,0.2995088692213131
0.08960573476702509,0.8823529411764706,0.29982402306518025
0.08971291866028708,0.8823529411764706,0.2999294166960422
0.08982035928143713,0.8823529411764706,0.30022400975127506
0.08992805755395683,0.8823529411764706,0.3004112052034573
0.09003601440576231,0.8823529411764706,0.30069630116581675
0.09014423076923077,0.8823529411764706,0.30223922831079486
0.09025270758122744,0.8823529411764706,0.30228571876870985
0.09036144578313253,0.8823529411764706,0.30239074284240214
0.09047044632086852,0.8823529411764706,0.3024882536077786
0.09057971014492754,0.8823529411764706,0.30321169161705175
0.09068923821039904,0.8823529411764706,0.3034729819505222
0.09079903147699758,0.8823529411764706,0.3036743053934973
0.09090909090909091,0.8823529411764706,0.30369688998734923
0.09101941747572816,0.8823529411764706,0.3043384422734133
0.0911300121506683,0.8823529411764706,0.3044362219746256
0.09124087591240876,0.8823529411764706,0.304521232891506
0.09135200974421437,0.8823529411764706,0.30475273345554066
0.09146341463414634,0.8823529411764706,0.3050207369872561
0.09157509157509157,0.8823529411764706,0.30537447458678074
0.09168704156479218,0.8823529411764706,0.30606090868683217
0.09179926560587515,0.8823529411764706,0.30623257108120583
0.09191176470588236,0.8823529411764706,0.306410168739935
0.09202453987730061,0.8823529411764706,0.3071277817300174
0.09213759213759214,0.8823529411764706,0.30776419171188935
0.09225092250922509,0.8823529411764706,0.30829863650065503
0.09236453201970443,0.8823529411764706,0.3085013355245749
0.09124537607891492,0.8705882352941177,0.30948233822164134
0.09135802469135802,0.8705882352941177,0.3120841603820796
0.09147095179233622,0.8705882352941177,0.31242349510791056
0.09158415841584158,0.8705882352941177,0.31280265596427353
0.09169764560099132,0.8705882352941177,0.3129879730651104
0.09181141439205956,0.8705882352941177,0.3130084944073951
0.09192546583850932,0.8705882352941177,0.3131321323712189
0.09203980099502487,0.8705882352941177,0.31360167312358306
0.0921544209215442,0.8705882352941177,0.31384527230513015
0.09226932668329177,0.8705882352941177,0.3140239580721254
0.09238451935081149,0.8705882352941177,0.31470238373577414
0.0925,0.8705882352941177,0.31527394760309363
0.09261576971214018,0.8705882352941177,0.3157998387069448
0.09273182957393483,0.8705882352941177,0.3160525889357423
0.09284818067754078,0.8705882352941177,0.3161059620038534
0.09296482412060302,0.8705882352941177,0.31636803126358215
0.0930817610062893,0.8705882352941177,0.3173733557448759
0.09319899244332494,0.8705882352941177,0.31808243660648156
0.09331651954602774,0.8705882352941177,0.3182180559587791
0.09343434343434344,0.8705882352941177,0.3182846740231971
0.09355246523388117,0.8705882352941177,0.3196523262015103
0.09367088607594937,0.8705882352941177,0.3198422425925151
0.09378960709759189,0.8705882352941177,0.32005814938802446
0.09390862944162437,0.8705882352941177,0.32079962095271225
0.0940279542566709,0.8705882352941177,0.3209531632548795
0.09414758269720101,0.8705882352941177,0.32146248939534816
0.09426751592356689,0.8705882352941177,0.32167293117588897
0.09438775510204081,0.8705882352941177,0.32168346651099994
0.09450830140485313,0.8705882352941177,0.3219259658366282
0.09462915601023018,0.8705882352941177,0.3226894336648029
0.09475032010243278,0.8705882352941177,0.32324093294957357
0.09487179487179487,0.8705882352941177,0.32338536703637616
0.09499358151476252,0.8705882352941177,0.32342759820242617
0.09511568123393316,0.8705882352941177,0.32479100964097046
0.09523809523809523,0.8705882352941177,0.32564593076808
0.09536082474226804,0.8705882352941177,0.3261855492090862
0.09548387096774194,0.8705882352941177,0.32662744995646636
0.09560723514211886,0.8705882352941177,0.3271295270838902
0.09573091849935317,0.8705882352941177,0.32733837755821776
0.09585492227979274,0.8705882352941177,0.3276553900384511
0.0959792477302205,0.8705882352941177,0.32960655077948803
0.09610389610389611,0.8705882352941177,0.33048282176967986
0.09622886866059818,0.8705882352941177,0.33113488356200144
0.09635416666666667,0.8705882352941177,0.33157203137618946
0.09647979139504563,0.8705882352941177,0.33242424859633446
0.09660574412532637,0.8705882352941177,0.333103209390935
0.09673202614379085,0.8705882352941177,0.3332403959273561
0.0968586387434555,0.8705882352941177,0.3332642393338688
0.09698558322411534,0.8705882352941177,0.3334318748662456
0.09711286089238845,0.8705882352941177,0.3350599210993488
0.09724047306176084,0.8705882352941177,0.3351553399221514
0.09736842105263158,0.8705882352941177,0.33529303029275515
0.09749670619235837,0.8705882352941177,0.3356257665125265
0.09762532981530343,0.8705882352941177,0.33594183473539196
0.0977542932628798,0.8705882352941177,0.336111011645201
0.09788359788359788,0.8705882352941177,0.3365227985025512
0.09801324503311258,0.8705882352941177,0.3375792791670125
0.09814323607427056,0.8705882352941177,0.3378931915707689
0.09827357237715803,0.8705882352941177,0.3385996544109854
0.09840425531914894,0.8705882352941177,0.33906091976763497
0.0985352862849534,0.8705882352941177,0.33922784715238335
0.09866666666666667,0.8705882352941177,0.3396559233396648
0.09746328437917223,0.8588235294117647,0.33969496071495536
0.09759358288770054,0.8588235294117647,0.3401236360216203
0.09772423025435073,0.8588235294117647,0.34049805419830953
0.09785522788203753,0.8588235294117647,0.340626146439613
0.09798657718120805,0.8588235294117647,0.34175007669998575
0.09811827956989247,0.8588235294117647,0.3419933039020964
0.09825033647375504,0.8588235294117647,0.34207391800544357
0.09838274932614555,0.8588235294117647,0.34225671786708073
0.09851551956815115,0.8588235294117647,0.34484098395603435
0.09864864864864865,0.8588235294117647,0.34500436925018585
0.09878213802435724,0.8588235294117647,0.3451952799196092
0.0989159891598916,0.8588235294117647,0.34564839649471485
0.09905020352781546,0.8588235294117647,0.34648972078265283
0.09918478260869565,0.8588235294117647,0.3474918209659951
0.09931972789115646,0.8588235294117647,0.347753347572829
0.0994550408719346,0.8588235294117647,0.3492256133467961
0.09959072305593451,0.8588235294117647,0.349323534070006
0.09972677595628415,0.8588235294117647,0.3497536471337701
0.09986320109439124,0.8588235294117647,0.3499188757739104
0.1,0.8588235294117647,0.35002946272067414
0.10013717421124829,0.8588235294117647,0.35053110631015694
0.10027472527472528,0.8588235294117647,0.3511581532962955
0.10041265474552957,0.8588235294117647,0.3515383314333936
0.10055096418732783,0.8588235294117647,0.3522476486551638
0.1006896551724138,0.8588235294117647,0.353297110433903
0.10082872928176796,0.8588235294117647,0.3536253348349499
0.10096818810511757,0.8588235294117647,0.3540742295012919
0.10110803324099724,0.8588235294117647,0.3543002127329144
0.10124826629680998,0.8588235294117647,0.35532210079880905
0.10138888888888889,0.8588235294117647,0.35582383528462996
0.10152990264255911,0.8588235294117647,0.3560720429206402
0.10167130919220056,0.8588235294117647,0.35654005722761173
0.10181311018131102,0.8588235294117647,0.35695900850794793
0.10195530726256984,0.8588235294117647,0.35748452208735426
0.1020979020979021,0.8588235294117647,0.357505383337822
0.10224089635854341,0.8588235294117647,0.35751662055031086
0.10238429172510519,0.8588235294117647,0.3576486120992338
0.10252808988764045,0.8588235294117647,0.3593342280087779
0.10267229254571027,0.8588235294117647,0.3595792837118216
0.1028169014084507,0.8588235294117647,0.3601568828934849
0.10296191819464035,0.8588235294117647,0.360474941006846
0.10310734463276836,0.8588235294117647,0.36155284343899874
0.10325318246110325,0.8588235294117647,0.36189234947970295
0.10339943342776203,0.8588235294117647,0.36190287331113613
0.10354609929078014,0.8588235294117647,0.3622166925528389
0.10369318181818182,0.8588235294117647,0.36308051005017256
0.10384068278805121,0.8588235294117647,0.36349280986971055
0.10398860398860399,0.8588235294117647,0.3660566203673545
0.10413694721825963,0.8588235294117647,0.36670910446901467
0.10428571428571429,0.8588235294117647,0.3671125618310618
0.1044349070100143,0.8588235294117647,0.3682316196579745
0.10458452722063037,0.8588235294117647,0.36866723716808225
0.10473457675753228,0.8588235294117647,0.3691101808623005
0.10488505747126436,0.8588235294117647,0.369612969415452
0.10503597122302158,0.8588235294117647,0.3696610744736108
0.10518731988472622,0.8588235294117647,0.37081648217956176
0.10533910533910534,0.8588235294117647,0.3711299220021071
0.10549132947976879,0.8588235294117647,0.3716025231493579
0.10564399421128799,0.8588235294117647,0.3723380511947224
0.10579710144927536,0.8588235294117647,0.3733339691996014
0.10595065312046444,0.8588235294117647,0.3735815018935017
0.10610465116279069,0.8588235294117647,0.37427118265329506
0.10625909752547306,0.8588235294117647,0.3748218682132066
0.10641399416909621,0.8588235294117647,0.3749235500607269
0.10656934306569343,0.8588235294117647,0.375528949126767
0.1067251461988304,0.8588235294117647,0.3777879626195411
0.10688140556368961,0.8588235294117647,0.37869675356346727
0.10703812316715543,0.8588235294117647,0.3789816849074566
0.10719530102790015,0.8588235294117647,0.37928634278663226
0.10735294117647058,0.8588235294117647,0.3794217215768736
0.10751104565537556,0.8588235294117647,0.3808294639482588
0.10766961651917405,0.8588235294117647,0.38164183433624366
0.10782865583456426,0.8588235294117647,0.38330385360677643
0.10798816568047337,0.8588235294117647,0.38404695958427776
0.10814814814814815,0.8588235294117647,0.3846996612540507
0.1083086053412463,0.8588235294117647,0.38505703112501705
0.10846953937592868,0.8588235294117647,0.38539675509524884
0.10863095238095238,0.8588235294117647,0.3861163422595855
0.10879284649776454,0.8588235294117647,0.38625722443742794
0.10895522388059702,0.8588235294117647,0.38650690520850933
0.10911808669656203,0.8588235294117647,0.38662923669044164
0.1092814371257485,0.8588235294117647,0.3866428739666507
0.10944527736131934,0.8588235294117647,0.38713393195121054
0.10960960960960961,0.8588235294117647,0.3879781828521936
0.10977443609022557,0.8588235294117647,0.3882201008045756
0.10993975903614457,0.8588235294117647,0.3882519410633057
0.11010558069381599,0.8588235294117647,0.38878519445899273
0.11027190332326284,0.8588235294117647,0.3888584446038341
0.11043872919818457,0.8588235294117647,0.3893079864517135
0.11060606060606061,0.8588235294117647,0.38971104933634915
0.11077389984825493,0.8588235294117647,0.3902872398266824
0.11094224924012158,0.8588235294117647,0.39035791565107997
0.1111111111111111,0.8588235294117647,0.39046660797486604
0.11128048780487805,0.8588235294117647,0.3909877830298627
0.11145038167938931,0.8588235294117647,0.39116358508996524
0.11162079510703364,0.8588235294117647,0.39225881005123125
0.11179173047473201,0.8588235294117647,0.39282504118167066
0.11196319018404909,0.8588235294117647,0.3933993721379323
0.11213517665130568,0.8588235294117647,0.39375683498063807
0.11076923076923077,0.8470588235294118,0.3946151755720809
0.11093990755007704,0.8470588235294118,0.3952825349424269
0.1111111111111111,0.8470588235294118,0.39566931366276925
0.11128284389489954,0.8470588235294118,0.39651486906093963
0.11145510835913312,0.8470588235294118,0.3977057295157139
0.11162790697674418,0.8470588235294118,0.39916008116751933
0.11180124223602485,0.8470588235294118,0.399473477377293
0.1119751166407465,0.8470588235294118,0.40007107580788986
0.11214953271028037,0.8470588235294118,0.4001560422500184
0.11232449297971919,0.8470588235294118,0.40098701005247367
0.1125,0.8470588235294118,0.40133330949544604
0.11267605633802817,0.8470588235294118,0.40205850647126734
0.11285266457680251,0.8470588235294118,0.4021965080482805
0.1130298273155416,0.8470588235294118,0.4025800559847592
0.11163522012578617,0.8352941176470589,0.4026573118121022
0.11181102362204724,0.8352941176470589,0.40316407917920494
0.11198738170347003,0.8352941176470589,0.40346177882997003
0.11216429699842022,0.8352941176470589,0.40421102639892226
0.11234177215189874,0.8352941176470589,0.4044271719443124
0.11251980982567353,0.8352941176470589,0.4047209275372272
0.1126984126984127,0.8352941176470589,0.4049942610686904
0.11287758346581876,0.8352941176470589,0.4054931445598516
0.11305732484076433,0.8352941176470589,0.4059223631292423
0.11323763955342903,0.8352941176470589,0.4062103900872729
0.1134185303514377,0.8352941176470589,0.40632653803059116
0.1136,0.8352941176470589,0.4063511422246553
0.11378205128205128,0.8352941176470589,0.407812082713311
0.11396468699839486,0.8352941176470589,0.4080338880457803
0.11414790996784566,0.8352941176470589,0.40813388318323257
0.1143317230273752,0.8352941176470589,0.40948058887044625
0.11451612903225807,0.8352941176470589,0.40974912496698973
0.1147011308562197,0.8352941176470589,0.40977575460429005
0.11488673139158576,0.8352941176470589,0.4102036386849495
0.11507293354943274,0.8352941176470589,0.41053916019456077
0.11525974025974026,0.8352941176470589,0.41173211541037114
0.11544715447154472,0.8352941176470589,0.41188346404193915
0.11563517915309446,0.8352941176470589,0.412106278263499
0.11582381729200653,0.8352941176470589,0.41355619038711616
0.11601307189542484,0.8352941176470589,0.41374910438469026
0.11620294599018004,0.8352941176470589,0.41412405609629993
0.11639344262295082,0.8352941176470589,0.4144277433397888
0.11658456486042693,0.8352941176470589,0.4147851321260545
0.11677631578947369,0.8352941176470589,0.41595123319576705
0.11696869851729819,0.8352941176470589,0.41602324892141007
0.11716171617161716,0.8352941176470589,0.41723625021144245
0.11735537190082644,0.8352941176470589,0.41880587105370676
0.11754966887417219,0.8352941176470589,0.41921357351633637
0.11774461028192372,0.8352941176470589,0.4196575051188175
0.11794019933554817,0.8352941176470589,0.4197010671999678
0.11813643926788686,0.8352941176470589,0.4200053625237253
0.11833333333333333,0.8352941176470589,0.4206820406894629
0.11853088480801335,0.8352941176470589,0.42113473616562846
0.11872909698996656,0.8352941176470589,0.4212841533659825
0.11892797319932999,0.8352941176470589,0.4218789503857902
0.11912751677852348,0.8352941176470589,0.4218851809008056
0.11932773109243698,0.8352941176470589,0.4222893003790807
0.11952861952861953,0.8352941176470589,0.4223735221217735
0.11973018549747048,0.8352941176470589,0.42344059282470387
0.11993243243243243,0.8352941176470589,0.42457976778809664
0.12013536379018612,0.8352941176470589,0.42502212529774885
0.12033898305084746,0.8352941176470589,0.42521893322686943
0.12054329371816638,0.8352941176470589,0.4264814771619698
0.12074829931972789,0.8352941176470589,0.4276036028352555
0.12095400340715502,0.8352941176470589,0.428722506241623
0.12116040955631399,0.8352941176470589,0.42895882388144546
0.12136752136752137,0.8352941176470589,0.4309530229479233
0.12157534246575342,0.8352941176470589,0.43097800622122723
0.12178387650085763,0.8352941176470589,0.43213278232587843
0.12199312714776632,0.8352941176470589,0.4324304750744469
0.12220309810671257,0.8352941176470589,0.4342658944252535
0.12241379310344827,0.8352941176470589,0.4360997737242896
0.1226252158894646,0.8352941176470589,0.43681445308573924
0.12283737024221453,0.8352941176470589,0.43696050258820546
0.12305025996533796,0.8352941176470589,0.4372030538809765
0.1232638888888889,0.8352941176470589,0.4375218672070663
0.12347826086956522,0.8352941176470589,0.43838454697924634
0.12369337979094076,0.8352941176470589,0.4394076728742172
0.12390924956369982,0.8352941176470589,0.43988681176793554
0.12412587412587413,0.8352941176470589,0.4405680966429312
0.1243432574430823,0.8352941176470589,0.4414687814014697
0.12456140350877193,0.8352941176470589,0.44205433487762474
0.12478031634446397,0.8352941176470589,0.4424414759508499
0.125,0.8352941176470589,0.44283126217413776
0.12522045855379188,0.8352941176470589,0.44303757087388296
0.1254416961130742,0.8352941176470589,0.44354006151822645
0.1256637168141593,0.8352941176470589,0.4440916215184527
0.12588652482269502,0.8352941176470589,0.44446742521391214
0.1261101243339254,0.8352941176470589,0.4457854634829947
0.12633451957295375,0.8352941176470589,0.44587092951773405
0.1265597147950089,0.8352941176470589,0.4459301701978042
0.12678571428571428,0.8352941176470589,0.44617201541610346
0.12701252236135957,0.8352941176470589,0.4491005225129974
0.12724014336917563,0.8352941176470589,0.4496785337480159
0.12746858168761221,0.8352941176470589,0.45022506874453483
0.12769784172661872,0.8352941176470589,0.45097727519488473
0.12792792792792793,0.8352941176470589,0.4511043848096279
0.12815884476534295,0.8352941176470589,0.45153097734385084
0.12839059674502712,0.8352941176470589,0.45223648875233685
0.1286231884057971,0.8352941176470589,0.45359149768701124
0.12885662431941924,0.8352941176470589,0.4556928003571684
0.1290909090909091,0.8352941176470589,0.4564312789651459
0.12932604735883424,0.8352941176470589,0.45705038338515797
0.12956204379562045,0.8352941176470589,0.45731995058841074
0.12979890310786105,0.8352941176470589,0.45871783826052864
0.13003663003663005,0.8352941176470589,0.459817772836265
0.13027522935779817,0.8352941176470589,0.46139955575826896
0.13051470588235295,0.8352941176470589,0.46235033603717723
0.13075506445672191,0.8352941176470589,0.4627832006462843
0.13099630996309963,0.8352941176470589,0.46326268842808094
0.13123844731977818,0.8352941176470589,0.4639313917328222
0.13148148148148148,0.8352941176470589,0.4639587469057713
0.13172541743970315,0.8352941176470589,0.464836945808663
0.13011152416356878,0.8235294117647058,0.46528956309336134
0.1303538175046555,0.8235294117647058,0.46562293458565746
0.13059701492537312,0.8235294117647058,0.46638981115421335
0.1308411214953271,0.8235294117647058,0.4675325128837322
0.13108614232209737,0.8235294117647058,0.4676582930730855
0.13133208255159476,0.8235294117647058,0.4680434954346237
0.13157894736842105,0.8235294117647058,0.4695271709356582
0.1318267419962335,0.8235294117647058,0.47108086289694917
0.1320754716981132,0.8235294117647058,0.4718243028347258
0.1323251417769376,0.8235294117647058,0.47238919944582625
0.13068181818181818,0.8117647058823529,0.4726970682289398
0.13092979127134724,0.8117647058823529,0.4727861023923757
0.1311787072243346,0.8117647058823529,0.47347842802970364
0.13142857142857142,0.8117647058823529,0.47364631418751124
0.1316793893129771,0.8117647058823529,0.47403106528397393
0.13193116634799235,0.8117647058823529,0.47418519234971257
0.13218390804597702,0.8117647058823529,0.47524162717687735
0.1324376199616123,0.8117647058823529,0.4760259409838899
0.1326923076923077,0.8117647058823529,0.4768164615952172
0.1329479768786127,0.8117647058823529,0.47823693034238135
0.13320463320463322,0.8117647058823529,0.47900478818328635
0.13346228239845262,0.8117647058823529,0.4790086415375755
0.13372093023255813,0.8117647058823529,0.48037266486799063
0.13398058252427184,0.8117647058823529,0.4804400630958392
0.13424124513618677,0.8117647058823529,0.48147729336152695
0.13450292397660818,0.8117647058823529,0.48265617838753005
0.134765625,0.8117647058823529,0.48279843031944336
0.1350293542074364,0.8117647058823529,0.4833315411702059
0.13529411764705881,0.8117647058823529,0.48353725864411895
0.13555992141453832,0.8117647058823529,0.4847859172993048
0.13582677165354332,0.8117647058823529,0.48497810897459054
0.13609467455621302,0.8117647058823529,0.4852017371816947
0.13636363636363635,0.8117647058823529,0.485384457299174
0.13663366336633664,0.8117647058823529,0.4856600039289076
0.13690476190476192,0.8117647058823529,0.4858145077401741
0.13717693836978131,0.8117647058823529,0.4864283368643517
0.13745019920318724,0.8117647058823529,0.4878605181834802
0.1377245508982036,0.8117647058823529,0.4887454968763293
0.138,0.8117647058823529,0.48943438955557333
0.13827655310621242,0.8117647058823529,0.4908079290002975
0.13855421686746988,0.8117647058823529,0.49113371486570795
0.13883299798792756,0.8117647058823529,0.4915115783232152
0.13911290322580644,0.8117647058823529,0.49186907352001447
0.1393939393939394,0.8117647058823529,0.49195591863401805
0.1396761133603239,0.8117647058823529,0.49352861707460466
0.13995943204868155,0.8117647058823529,0.49495960944004214
0.1402439024390244,0.8117647058823529,0.49672333075348635
0.14052953156822812,0.8117647058823529,0.4990637848894719
0.14081632653061224,0.8117647058823529,0.49955926404701423
0.1411042944785276,0.8117647058823529,0.4996852827012154
0.13934426229508196,0.8,0.5004405909368764
0.13963039014373715,0.8,0.5006422196480643
0.13786008230452676,0.788235294117647,0.5030603425719329
0.13814432989690723,0.788235294117647,0.5034322526479651
0.1384297520661157,0.788235294117647,0.5047986127195787
0.13871635610766045,0.788235294117647,0.5050511419649759
0.13900414937759337,0.788235294117647,0.505324707962888
0.1392931392931393,0.788235294117647,0.5079735189778346
0.13958333333333334,0.788235294117647,0.5082519038512198
0.13987473903966596,0.788235294117647,0.5085207064210014
0.1401673640167364,0.788235294117647,0.5089090810582397
0.14046121593291405,0.788235294117647,0.5089317158719111
0.1407563025210084,0.788235294117647,0.5089827927135764
0.14105263157894737,0.788235294117647,0.5091629947796518
0.14135021097046413,0.788235294117647,0.5104984417726623
0.1416490486257928,0.788235294117647,0.5106925912865892
0.13983050847457626,0.7764705882352941,0.5110044808912115
0.14012738853503184,0.7764705882352941,0.5112763345477144
0.14042553191489363,0.7764705882352941,0.5122569524031555
0.14072494669509594,0.7764705882352941,0.5129684698815028
0.14102564102564102,0.7764705882352941,0.513528542678904
0.14132762312633834,0.7764705882352941,0.5153854962884415
0.14163090128755365,0.7764705882352941,0.5154768858723082
0.14193548387096774,0.7764705882352941,0.5157130108296373
0.14224137931034483,0.7764705882352941,0.5166176214699102
0.14254859611231102,0.7764705882352941,0.5167288680788683
0.14285714285714285,0.7764705882352941,0.5195946973254801
0.14316702819956617,0.7764705882352941,0.5200313946943881
0.14347826086956522,0.7764705882352941,0.5206169769269597
0.1437908496732026,0.7764705882352941,0.5239373727567463
0.14410480349344978,0.7764705882352941,0.5240710535851753
0.14442013129102846,0.7764705882352941,0.524324286507897
0.14473684210526316,0.7764705882352941,0.524479562275056
0.14505494505494507,0.7764705882352941,0.524626078747851
0.14537444933920704,0.7764705882352941,0.5251642930695645
0.1456953642384106,0.7764705882352941,0.5252079934260411
0.14601769911504425,0.7764705882352941,0.5266429125285229
0.14634146341463414,0.7764705882352941,0.5266547766121251
0.14666666666666667,0.7764705882352941,0.5275315351072288
0.14699331848552338,0.7764705882352941,0.5280109904883166
0.14732142857142858,0.7764705882352941,0.5294600308842766
0.1476510067114094,0.7764705882352941,0.5296303806263556
0.14798206278026907,0.7764705882352941,0.5300707904485443
0.14831460674157304,0.7764705882352941,0.530740458726897
0.14864864864864866,0.7764705882352941,0.5308940812558004
0.1489841986455982,0.7764705882352941,0.5346739202991415
0.1493212669683258,0.7764705882352941,0.5350778292265551
0.1473922902494331,0.7647058823529411,0.5352894787880125
0.14772727272727273,0.7647058823529411,0.5355985454879405
0.1480637813211845,0.7647058823529411,0.5369038430706973
0.14840182648401826,0.7647058823529411,0.5377821698532406
0.14874141876430205,0.7647058823529411,0.5380928074209231
0.14908256880733944,0.7647058823529411,0.5385125599411426
0.14942528735632185,0.7647058823529411,0.5385365000877329
0.1497695852534562,0.7647058823529411,0.5386879218790479
0.15011547344110854,0.7647058823529411,0.5402549413533434
0.15046296296296297,0.7647058823529411,0.54108793615683
0.15081206496519722,0.7647058823529411,0.5427798437299423
0.1511627906976744,0.7647058823529411,0.5431449921103926
0.15151515151515152,0.7647058823529411,0.5434474612577206
0.15186915887850466,0.7647058823529411,0.544813836711762
0.1522248243559719,0.7647058823529411,0.5448202280706821
0.15258215962441316,0.7647058823529411,0.5448691218396288
0.15294117647058825,0.7647058823529411,0.5449562176195497
0.15330188679245282,0.7647058823529411,0.5459507260764924
0.1536643026004728,0.7647058823529411,0.5476493897615897
0.15402843601895735,0.7647058823529411,0.5492702474336333
0.1543942992874109,0.7647058823529411,0.5493548135911351
0.15476190476190477,0.7647058823529411,0.5500755635713176
0.15274463007159905,0.7529411764705882,0.5524262569828182
0.15311004784688995,0.7529411764705882,0.5527719818698414
0.15347721822541965,0.7529411764705882,0.5541089698831885
0.15384615384615385,0.7529411764705882,0.5550272149466332
0.15421686746987953,0.7529411764705882,0.5571520544041658
0.15458937198067632,0.7529411764705882,0.5580647578108942
0.1549636803874092,0.7529411764705882,0.558128588085163
0.1553398058252427,0.7529411764705882,0.5585587094789478
0.15571776155717762,0.7529411764705882,0.5588568394857276
0.15609756097560976,0.7529411764705882,0.5592803481356332
0.15647921760391198,0.7529411764705882,0.5596895358449033
0.1568627450980392,0.7529411764705882,0.5608652436855512
0.15724815724815724,0.7529411764705882,0.5624645232797443
0.15763546798029557,0.7529411764705882,0.5627951035508505
0.1580246913580247,0.7529411764705882,0.5631449273095489
0.15841584158415842,0.7529411764705882,0.5639447819345876
0.1588089330024814,0.7529411764705882,0.5643452776297663
0.15920398009950248,0.7529411764705882,0.5645491720458939
0.1596009975062344,0.7529411764705882,0.5646057959460008
0.1575,0.7411764705882353,0.5658162103750205
0.15789473684210525,0.7411764705882353,0.5661319596598255
0.15577889447236182,0.7294117647058823,0.567510674464955
0.1561712846347607,0.7294117647058823,0.5676425882863968
0.15656565656565657,0.7294117647058823,0.5680599136275002
0.1569620253164557,0.7294117647058823,0.5700764561639627
0.15736040609137056,0.7294117647058823,0.572251635797687
0.15776081424936386,0.7294117647058823,0.5731300273432594
0.15816326530612246,0.7294117647058823,0.5739139513005426
0.1585677749360614,0.7294117647058823,0.5743668649779419
0.15897435897435896,0.7294117647058823,0.5757654755611205
0.15938303341902313,0.7294117647058823,0.575854088362032
0.15979381443298968,0.7294117647058823,0.5768295618569347
0.16020671834625322,0.7294117647058823,0.5775295151723969
0.16062176165803108,0.7294117647058823,0.5776426182210906
0.16103896103896104,0.7294117647058823,0.5782131127135475
0.16145833333333334,0.7294117647058823,0.5791382635739923
0.1618798955613577,0.7294117647058823,0.579615872767419
0.16230366492146597,0.7294117647058823,0.5798544142625494
0.16272965879265092,0.7294117647058823,0.580917266876418
0.1631578947368421,0.7294117647058823,0.5817662351082373
0.16358839050131926,0.7294117647058823,0.5817792430779094
0.164021164021164,0.7294117647058823,0.5821120764870749
0.16445623342175067,0.7294117647058823,0.5827014569804777
0.16489361702127658,0.7294117647058823,0.5828355409969842
0.16533333333333333,0.7294117647058823,0.5833827619552199
0.1657754010695187,0.7294117647058823,0.5844266378873036
0.16621983914209115,0.7294117647058823,0.5870092522777826
0.16666666666666666,0.7294117647058823,0.5872092011130626
0.16711590296495957,0.7294117647058823,0.5890787838911192
0.16756756756756758,0.7294117647058823,0.5895744354599276
0.16802168021680217,0.7294117647058823,0.5904048645328206
0.16847826086956522,0.7294117647058823,0.5904852009120126
0.16893732970027248,0.7294117647058823,0.5909039804841226
0.16939890710382513,0.7294117647058823,0.5918937065181592
0.16986301369863013,0.7294117647058823,0.5923438785650046
0.17032967032967034,0.7294117647058823,0.5939678428860752
0.17079889807162535,0.7294117647058823,0.5941897747669054
0.1712707182320442,0.7294117647058823,0.5966846423973342
0.17174515235457063,0.7294117647058823,0.5985585812291462
0.17222222222222222,0.7294117647058823,0.5998401741730311
0.17270194986072424,0.7294117647058823,0.6003651939526566
0.17318435754189945,0.7294117647058823,0.6006719737988321
0.17366946778711484,0.7294117647058823,0.6008338236454188
0.17415730337078653,0.7294117647058823,0.6030275098803466
0.17464788732394365,0.7294117647058823,0.6035996391244238
0.1751412429378531,0.7294117647058823,0.6036492339314048
0.17563739376770537,0.7294117647058823,0.6059959628501963
0.17613636363636365,0.7294117647058823,0.6062222551795464
0.17663817663817663,0.7294117647058823,0.6072874428007395
0.17714285714285713,0.7294117647058823,0.6089189676813681
0.17765042979942694,0.7294117647058823,0.6103715940342624
0.1781609195402299,0.7294117647058823,0.6116700441871975
0.1786743515850144,0.7294117647058823,0.6127627146737774
0.1791907514450867,0.7294117647058823,0.6144512550261111
0.17971014492753623,0.7294117647058823,0.6147628771593487
0.18023255813953487,0.7294117647058823,0.6153775826224969
0.18075801749271136,0.7294117647058823,0.6159125376692028
0.18128654970760233,0.7294117647058823,0.6164594284978883
0.18181818181818182,0.7294117647058823,0.6165350610238485
0.18235294117647058,0.7294117647058823,0.6179522355120814
0.18289085545722714,0.7294117647058823,0.6196484422997848
0.1804733727810651,0.7176470588235294,0.6196497657014122
0.18100890207715134,0.7176470588235294,0.6236863565215348
0.18154761904761904,0.7176470588235294,0.6237414093304416
0.18208955223880596,0.7176470588235294,0.6257080406915267
0.18263473053892215,0.7176470588235294,0.6298160762800995
0.1831831831831832,0.7176470588235294,0.6298354829217163
0.18373493975903615,0.7176470588235294,0.6312466279214612
0.18429003021148035,0.7176470588235294,0.6315769895251537
0.18484848484848485,0.7176470588235294,0.6335027516256583
0.18541033434650456,0.7176470588235294,0.6353749384179757
0.18597560975609756,0.7176470588235294,0.6360087538368305
0.18654434250764526,0.7176470588235294,0.6369620264367329
0.18711656441717792,0.7176470588235294,0.6379197560338393
0.18769230769230769,0.7176470588235294,0.6394047533319643
0.1882716049382716,0.7176470588235294,0.6394986891935256
0.18885448916408668,0.7176470588235294,0.6397351336833835
0.18944099378881987,0.7176470588235294,0.6411811307410776
0.19003115264797507,0.7176470588235294,0.6416362480122513
0.190625,0.7176470588235294,0.6419863985548389
0.19122257053291536,0.7176470588235294,0.6424860585652904
0.1918238993710692,0.7176470588235294,0.6432097616704694
0.19242902208201892,0.7176470588235294,0.6445513411385171
0.1930379746835443,0.7176470588235294,0.6446664249101695
0.19365079365079366,0.7176470588235294,0.648238209133829
0.1942675159235669,0.7176470588235294,0.6488940895211809
0.19488817891373802,0.7176470588235294,0.6491300698718019
0.1955128205128205,0.7176470588235294,0.6514462463644175
0.19614147909967847,0.7176470588235294,0.6532500559222343
0.1967741935483871,0.7176470588235294,0.6536361316435176
0.19741100323624594,0.7176470588235294,0.6537916881342549
0.19805194805194806,0.7176470588235294,0.6546101905854288
0.1986970684039088,0.7176470588235294,0.6549431226516509
0.19934640522875818,0.7176470588235294,0.6553647774659979
0.2,0.7176470588235294,0.6564231909903832
0.20065789473684212,0.7176470588235294,0.656528996988345
0.20132013201320131,0.7176470588235294,0.6570837715885078
0.20198675496688742,0.7176470588235294,0.6577008975025413
0.2026578073089701,0.7176470588235294,0.6585340031254687
0.20333333333333334,0.7176470588235294,0.658599864491524
0.2040133779264214,0.7176470588235294,0.6598332181780694
0.20469798657718122,0.7176470588235294,0.6615329526707288
0.2053872053872054,0.7176470588235294,0.6615793141417585
0.20608108108108109,0.7176470588235294,0.6617896219905517
0.20677966101694914,0.7176470588235294,0.6621487778202231
0.20748299319727892,0.7176470588235294,0.6624426574945618
0.20819112627986347,0.7176470588235294,0.6627852877168148
0.2089041095890411,0.7176470588235294,0.6646292186139848
0.20962199312714777,0.7176470588235294,0.6660411709339962
0.2103448275862069,0.7176470588235294,0.6666159997319171
0.21107266435986158,0.7176470588235294,0.6667218906788971
0.21180555555555555,0.7176470588235294,0.6677636500780294
0.21254355400696864,0.7176470588235294,0.668419308237578
0.21328671328671328,0.7176470588235294,0.6685432188055069
0.21403508771929824,0.7176470588235294,0.668907018048466
0.2147887323943662,0.7176470588235294,0.6689324835122167
0.21554770318021202,0.7176470588235294,0.6691632572921955
0.21631205673758866,0.7176470588235294,0.6694378055371446
0.21708185053380782,0.7176470588235294,0.6697893780546706
0.21785714285714286,0.7176470588235294,0.669871861853395
0.21863799283154123,0.7176470588235294,0.6702581590265034
0.21942446043165467,0.7176470588235294,0.6709968283084675
0.22021660649819494,0.7176470588235294,0.6712875722236542
0.2210144927536232,0.7176470588235294,0.671817444765764
0.22181818181818183,0.7176470588235294,0.6726452830689799
0.22262773722627738,0.7176470588235294,0.6743746723137377
0.22344322344322345,0.7176470588235294,0.6755677647111062
0.22426470588235295,0.7176470588235294,0.6756339734395653
0.22509225092250923,0.7176470588235294,0.6774823256235505
0.22592592592592592,0.7176470588235294,0.6775995874802434
0.22676579925650558,0.7176470588235294,0.6778857513762879
0.22761194029850745,0.7176470588235294,0.6780339235917643
0.22846441947565543,0.7176470588235294,0.6789658117297739
0.22932330827067668,0.7176470588235294,0.6810456431565705
0.23018867924528302,0.7176470588235294,0.6857881306822963
0.23106060606060605,0.7176470588235294,0.6862971054356466
0.23193916349809887,0.7176470588235294,0.6879655355320353
0.23282442748091603,0.7176470588235294,0.688426537677726
0.23371647509578544,0.7176470588235294,0.6912473621400266
0.23461538461538461,0.7176470588235294,0.6917187680743608
0.23552123552123552,0.7176470588235294,0.6921861673176429
0.23255813953488372,0.7058823529411765,0.6931877646496953
0.23346303501945526,0.7058823529411765,0.6940197151875446
0.234375,0.7058823529411765,0.6944001224995385
0.23529411764705882,0.7058823529411765,0.695635079401878
0.23622047244094488,0.7058823529411765,0.6956727763358055
0.23715415019762845,0.7058823529411765,0.6965617821832716
0.23809523809523808,0.7058823529411765,0.6972954721166438
0.23904382470119523,0.7058823529411765,0.6979074667047453
0.236,0.6941176470588235,0.6992274575502713
0.23694779116465864,0.6941176470588235,0.7003011078327721
0.23790322580645162,0.6941176470588235,0.7013648057251638
0.2388663967611336,0.6941176470588235,0.7046668757967531
0.23983739837398374,0.6941176470588235,0.7096094802070262
0.24081632653061225,0.6941176470588235,0.7102488341928459
0.24180327868852458,0.6941176470588235,0.7108671285947396
0.24279835390946503,0.6941176470588235,0.7116235361384368
0.2396694214876033,0.6823529411764706,0.7118595787938243
0.24066390041493776,0.6823529411764706,0.71279269835014
0.24166666666666667,0.6823529411764706,0.713622417108256
0.24267782426778242,0.6823529411764706,0.7139169562007588
0.24369747899159663,0.6823529411764706,0.7139662622302473
0.24472573839662448,0.6823529411764706,0.7147069737614421
0.2457627118644068,0.6823529411764706,0.7164630795309463
0.2425531914893617,0.6705882352941176,0.7165187887281451
0.23931623931623933,0.6588235294117647,0.7201339317924909
0.24034334763948498,0.6588235294117647,0.7203432941546688
0.2413793103448276,0.6588235294117647,0.7207635331174272
0.24242424242424243,0.6588235294117647,0.7253515281673583
0.24347826086956523,0.6588235294117647,0.7254401914064669
0.2445414847161572,0.6588235294117647,0.7260889366570854
0.24561403508771928,0.6588235294117647,0.7266241549614877
0.2422907488986784,0.6470588235294118,0.7268122774607745
0.24336283185840707,0.6470588235294118,0.7272398601994097
0.24,0.6352941176470588,0.7275239637148859
0.23660714285714285,0.6235294117647059,0.7287781800822747
0.23766816143497757,0.6235294117647059,0.7311433852006671
0.23873873873873874,0.6235294117647059,0.7313020579162726
0.2398190045248869,0.6235294117647059,0.7322455260475131
0.2409090909090909,0.6235294117647059,0.7327383043378841
0.2420091324200913,0.6235294117647059,0.7331773048219022
0.24311926605504589,0.6235294117647059,0.7335008036201782
0.24423963133640553,0.6235294117647059,0.7341109410117915
0.24074074074074073,0.611764705882353,0.7345099587977181
0.24186046511627907,0.611764705882353,0.7373728173385877
0.24299065420560748,0.611764705882353,0.7383794376762436
0.24413145539906103,0.611764705882353,0.7404671266569472
0.24056603773584906,0.6,0.7404725656573179
0.24170616113744076,0.6,0.7411830250430452
0.24285714285714285,0.6,0.7413881450917676
0.24401913875598086,0.6,0.7438943494111513
0.24519230769230768,0.6,0.7452746581450542
0.2463768115942029,0.6,0.7454514317582353
0.24757281553398058,0.6,0.7457318743588512
0.24878048780487805,0.6,0.7465786074364048
0.25,0.6,0.7467606799159011
0.2512315270935961,0.6,0.7491007202865224
0.2524752475247525,0.6,0.7492502085921335
0.2537313432835821,0.6,0.7499560178684237
0.255,0.6,0.7504049980502336
0.2562814070351759,0.6,0.7514371334463339
0.25757575757575757,0.6,0.7524430279833041
0.25888324873096447,0.6,0.7540191910411764
0.2602040816326531,0.6,0.7565369343588437
0.2564102564102564,0.5882352941176471,0.7572277444582121
0.25773195876288657,0.5882352941176471,0.7581045574561456
0.25906735751295334,0.5882352941176471,0.7586443255848913
0.2552083333333333,0.5764705882352941,0.7594864475713597
0.2513089005235602,0.5647058823529412,0.7598188765976759
0.25263157894736843,0.5647058823529412,0.7600323667930341
0.25396825396825395,0.5647058823529412,0.761163647721839
0.2553191489361702,0.5647058823529412,0.7621315811305184
0.25668449197860965,0.5647058823529412,0.7635470776951958
0.25806451612903225,0.5647058823529412,0.7643543367755409
0.2594594594594595,0.5647058823529412,0.7677434751428364
0.2608695652173913,0.5647058823529412,0.7681122561591874
0.26229508196721313,0.5647058823529412,0.7699770046803318
0.26373626373626374,0.5647058823529412,0.770303419651839
0.26519337016574585,0.5647058823529412,0.7715878582335953
0.26666666666666666,0.5647058823529412,0.7722365637809281
0.2681564245810056,0.5647058823529412,0.7746038030645301
0.2696629213483146,0.5647058823529412,0.7748328159337889
0.2711864406779661,0.5647058823529412,0.7751512447803695
0.2727272727272727,0.5647058823529412,0.7751733648731476
0.2742857142857143,0.5647058823529412,0.7763212539969342
0.27586206896551724,0.5647058823529412,0.7768507274817691
0.2774566473988439,0.5647058823529412,0.7786271402886069
0.27906976744186046,0.5647058823529412,0.7788325767801495
0.2807017543859649,0.5647058823529412,0.7798007718416115
0.2823529411764706,0.5647058823529412,0.7813383598135258
0.28402366863905326,0.5647058823529412,0.7823518779399512
0.2857142857142857,0.5647058823529412,0.7837990012617413
0.2874251497005988,0.5647058823529412,0.7845440063895905
0.28313253012048195,0.5529411764705883,0.7852375340181982
0.28484848484848485,0.5529411764705883,0.7852937562515763
0.2865853658536585,0.5529411764705883,0.7855817777896063
0.2883435582822086,0.5529411764705883,0.7859691131983324
0.29012345679012347,0.5529411764705883,0.7871772421185692
0.2919254658385093,0.5529411764705883,0.7887631945802488
0.29375,0.5529411764705883,0.7892847734752155
0.29559748427672955,0.5529411764705883,0.7899975261374136
0.2974683544303797,0.5529411764705883,0.7914600423171854
0.29936305732484075,0.5529411764705883,0.7921966415024124
0.30128205128205127,0.5529411764705883,0.7933133076720205
0.3032258064516129,0.5529411764705883,0.7960611832107365
0.3051948051948052,0.5529411764705883,0.7963355588529772
0.30718954248366015,0.5529411764705883,0.798478617946009
0.3092105263157895,0.5529411764705883,0.7993360630092695
0.31125827814569534,0.5529411764705883,0.7994728272157432
0.31333333333333335,0.5529411764705883,0.8061568622053764
0.31543624161073824,0.5529411764705883,0.8100855054420618
0.31756756756756754,0.5529411764705883,0.8110935538826194
0.3197278911564626,0.5529411764705883,0.8126554836380029
0.3219178082191781,0.5529411764705883,0.8131247410619559
0.32413793103448274,0.5529411764705883,0.8151544148547684
0.3194444444444444,0.5411764705882353,0.817837590586796
0.32167832167832167,0.5411764705882353,0.8202360092467618
0.323943661971831,0.5411764705882353,0.8205406828191858
0.3262411347517731,0.5411764705882353,0.8212837806432975
0.32857142857142857,0.5411764705882353,0.8228551204048042
0.33093525179856115,0.5411764705882353,0.8246461394964187
0.3333333333333333,0.5411764705882353,0.8323316528225906
0.3357664233576642,0.5411764705882353,0.832484419582709
0.3382352941176471,0.5411764705882353,0.8325772951315655
0.34074074074074073,0.5411764705882353,0.8343747308064227
0.34328358208955223,0.5411764705882353,0.8364467421656665
0.3458646616541353,0.5411764705882353,0.8370571292812664
0.3484848484848485,0.5411764705882353,0.8375786787716725
0.3435114503816794,0.5294117647058824,0.8389178851130061
0.3384615384615385,0.5176470588235295,0.841512974725686
0.34108527131782945,0.5176470588235295,0.8420269299063313
0.34375,0.5176470588235295,0.8437022281292866
0.33858267716535434,0.5058823529411764,0.8437641307831059
0.3333333333333333,0.49411764705882355,0.8438736745437866
0.336,0.49411764705882355,0.8446255440666215
0.33064516129032256,0.4823529411764706,0.8449586679517997
0.3333333333333333,0.4823529411764706,0.8452957779398946
0.3360655737704918,0.4823529411764706,0.8462761602875096
0.3305785123966942,0.47058823529411764,0.8497095831826281
0.3333333333333333,0.47058823529411764,0.8499851729623995
0.33613445378151263,0.47058823529411764,0.8499991733284846
0.3389830508474576,0.47058823529411764,0.8513020971933636
0.3418803418803419,0.47058823529411764,0.8521517128719437
0.3448275862068966,0.47058823529411764,0.8552001969872979
0.34782608695652173,0.47058823529411764,0.8552753218559089
0.34210526315789475,0.4588235294117647,0.856801213588553
0.34513274336283184,0.4588235294117647,0.8572920888157063
0.3482142857142857,0.4588235294117647,0.8576801811723286
0.35135135135135137,0.4588235294117647,0.8578911346639798
0.35454545454545455,0.4588235294117647,0.8594811776249834
0.3486238532110092,0.4470588235294118,0.8596179053118215
0.35185185185185186,0.4470588235294118,0.8619335350391081
0.35514018691588783,0.4470588235294118,0.8621617487841762
0.3584905660377358,0.4470588235294118,0.8629512620334641
0.3619047619047619,0.4470588235294118,0.8634044501544239
0.36538461538461536,0.4470588235294118,0.8643801140169266
0.3592233009708738,0.43529411764705883,0.8655278262096114
0.3627450980392157,0.43529411764705883,0.8658147146651564
0.36633663366336633,0.43529411764705883,0.8673349217062428
0.37,0.43529411764705883,0.8716546072725908
0.37373737373737376,0.43529411764705883,0.8725825253580198
0.37755102040816324,0.43529411764705883,0.8740088766428242
0.38144329896907214,0.43529411764705883,0.8741550644859936
0.3854166666666667,0.43529411764705883,0.8744164475083652
0.3894736842105263,0.43529411764705883,0.8745566922665954
0.39361702127659576,0.43529411764705883,0.8798451122061725
0.3870967741935484,0.4235294117647059,0.8810474754084509
0.391304347826087,0.4235294117647059,0.88156478624362
0.38461538461538464,0.4117647058823529,0.882010114936621
0.37777777777777777,0.4,0.8824164935203774
0.3707865168539326,0.38823529411764707,0.8839507346388665
0.36363636363636365,0.3764705882352941,0.8840993123029848
0.367816091954023,0.3764705882352941,0.8851892418758973
0.37209302325581395,0.3764705882352941,0.8864514312165097
0.3764705882352941,0.3764705882352941,0.887988529257075
0.38095238095238093,0.3764705882352941,0.8882605271047301
0.37349397590361444,0.36470588235294116,0.8884599656866189
0.3780487804878049,0.36470588235294116,0.8910890427797665
0.38271604938271603,0.36470588235294116,0.8948889445373708
0.3875,0.36470588235294116,0.8969295163996773
0.3924050632911392,0.36470588235294116,0.8973482764513901
0.3974358974358974,0.36470588235294116,0.8982189055544959
0.4025974025974026,0.36470588235294116,0.8985732656194756
0.40789473684210525,0.36470588235294116,0.8995428596193514
0.41333333333333333,0.36470588235294116,0.9006242590543865
0.4189189189189189,0.36470588235294116,0.9018264513762149
0.4246575342465753,0.36470588235294116,0.9055982813652155
0.4166666666666667,0.35294117647058826,0.9098107543130542
0.4084507042253521,0.3411764705882353,0.910339677457189
0.4142857142857143,0.3411764705882353,0.9117434768262718
0.42028985507246375,0.3411764705882353,0.9136695195298199
0.4264705882352941,0.3411764705882353,0.9148726645667714
0.43283582089552236,0.3411764705882353,0.9185604338858124
0.42424242424242425,0.32941176470588235,0.9200790052143513
0.4307692307692308,0.32941176470588235,0.9209504019415389
0.4375,0.32941176470588235,0.9214633849192334
0.42857142857142855,0.3176470588235294,0.9241499154047356
0.41935483870967744,0.3058823529411765,0.92541850185987
0.4098360655737705,0.29411764705882354,0.9271600850214253
0.4166666666666667,0.29411764705882354,0.9290232591594114
0.4067796610169492,0.2823529411764706,0.9314782976720061
0.41379310344827586,0.2823529411764706,0.9315003851439178
0.42105263157894735,0.2823529411764706,0.932633156819662
0.42857142857142855,0.2823529411764706,0.9335583673208885
0.43636363636363634,0.2823529411764706,0.93448750287373
0.4444444444444444,0.2823529411764706,0.9348212034988801
0.4528301886792453,0.2823529411764706,0.9350667487698523
0.4423076923076923,0.27058823529411763,0.9350900674151844
0.45098039215686275,0.27058823529411763,0.9356835133061968
0.44,0.25882352941176473,0.9361666236789278
0.4489795918367347,0.25882352941176473,0.936441083869182
0.4583333333333333,0.25882352941176473,0.9373436398141477
0.46808510638297873,0.25882352941176473,0.9386724195115468
0.4782608695652174,0.25882352941176473,0.9387261732612936
0.4666666666666667,0.24705882352941178,0.9407336100962381
0.45454545454545453,0.23529411764705882,0.9419279412423635
0.46511627906976744,0.23529411764705882,0.9425063823596946
0.47619047619047616,0.23529411764705882,0.9428345566628226
0.4878048780487805,0.23529411764705882,0.9449326332790129
0.5,0.23529411764705882,0.9449444714356195
0.5128205128205128,0.23529411764705882,0.9453787609746535
0.5263157894736842,0.23529411764705882,0.9456933162895613
0.5135135135135135,0.2235294117647059,0.9459232830091201
0.5,0.21176470588235294,0.9466058283783695
0.5142857142857142,0.21176470588235294,0.9472968671713204
0.5,0.2,0.9474040906948352
0.48484848484848486,0.18823529411764706,0.9485042094355485
0.5,0.18823529411764706,0.9502970870052972
0.5161290322580645,0.18823529411764706,0.9520400139823633
0.5,0.17647058823529413,0.9537416349188552
0.5172413793103449,0.17647058823529413,0.9544681678059527
0.5357142857142857,0.17647058823529413,0.9550622716840865
0.5185185185185185,0.16470588235294117,0.9567939088281284
0.5384615384615384,0.16470588235294117,0.958257121351381
0.56,0.16470588235294117,0.959249028845926
0.5416666666666666,0.15294117647058825,0.9598027921628636
0.5652173913043478,0.15294117647058825,0.9613110544118183
0.5909090909090909,0.15294117647058825,0.963297973822232
0.6190476190476191,0.15294117647058825,0.9635871934191678
0.65,0.15294117647058825,0.9636240387024836
0.631578947368421,0.1411764705882353,0.9638846954434148
0.6666666666666666,0.1411764705882353,0.9646385724222823
0.7058823529411765,0.1411764705882353,0.9647631960837237
0.75,0.1411764705882353,0.9685601886615348
0.8,0.1411764705882353,0.9749442441755614
0.7857142857142857,0.12941176470588237,0.9756960909596867
0.8461538461538461,0.12941176470588237,0.9767588190416654
0.9166666666666666,0.12941176470588237,0.9801965949404778
0.9090909090909091,0.11764705882352941,0.9845212855518167
1.0,0.11764705882352941,0.9845486555398929
1.0,0.10588235294117647,0.9846138247431262
1.0,0.09411764705882353,0.986354744497658
1.0,0.08235294117647059,0.9864732501000716
1.0,0.07058823529411765,0.9898270778087306
1.0,0.058823529411764705,0.9902544191160726
1.0,0.047058823529411764,0.990672683427864
1.0,0.03529411764705882,0.9916260310131155
1.0,0.023529411764705882,0.9932284169835316
1.0,0.011764705882352941,0.997478580805923
